37;83;24;19
59;77;43;43
6;65;40;22
63;77;76;8
74;47;97;26
48;24;17;7
27;39;77;35
35;41;6;21
46;32;95;3
34;43;72;42
2;57;76;39
61;90;53;26
89;95;54;7
9;64;76;12
38;60;40;25
89;49;74;2
7;87;92;45
15;34;76;21
3;54;48;25
55;87;22;23
10;72;80;47
59;24;45;50
1;12;39;14
37;8;44;4
14;7;80;25
33;7;47;41
32;67;83;33
7;42;92;2
41;31;35;50
77;43;41;38
20;16;63;40
61;57;19;31
84;79;94;25
83;56;41;26
96;85;46;7
30;14;35;15
29;21;74;35
50;54;55;42
74;80;21;27
13;98;40;37
38;30;50;42
87;84;31;12
71;76;73;29
9;12;17;44
77;81;73;47
48;33;39;27
41;79;45;50
18;89;93;5
75;37;21;49
98;81;51;21
51;22;57;6
93;9;20;40
98;41;83;19
34;1;72;32
9;58;43;49
23;36;58;21
53;5;40;30
95;62;66;49
23;91;62;14
37;27;38;8
75;39;51;13
23;69;80;17
21;92;59;38
37;45;93;18
96;82;11;9
61;29;49;19
9;6;3;42
65;60;45;50
94;82;93;48
85;72;38;43
12;18;89;10
41;2;42;6
75;48;21;16
35;98;71;49
60;73;98;25
19;58;98;27
38;43;92;32
92;42;100;16
31;58;34;10
9;64;7;2
36;3;93;30
49;74;77;37
46;29;39;35
5;1;51;34
41;9;53;21
11;69;60;19
84;17;1;24
40;8;88;5
85;76;65;19
92;73;91;9
29;94;68;12
59;97;89;19
61;21;72;32
97;55;69;9
54;4;54;1
39;30;17;18
95;39;13;46
49;98;22;24
80;64;9;4
95;85;62;40
73;64;12;27
75;97;38;11
42;8;92;3
95;79;48;15
98;19;59;11
92;22;100;26
16;88;23;11
78;72;76;50
87;30;14;21
70;15;46;22
25;12;19;31
89;24;51;33
1;14;77;38
69;40;46;41
40;60;79;40
15;1;81;3
56;32;64;37
3;36;23;8
21;56;38;6
23;98;46;42
26;54;18;30
77;41;25;36
50;81;40;18
53;87;63;8
54;59;95;34
39;98;76;20
40;31;97;16
100;33;56;32
42;30;13;18
17;46;49;6
3;14;56;22
41;80;65;10
20;89;78;31
7;79;62;8
52;78;83;15
27;46;30;4
76;10;75;31
15;71;57;14
46;48;52;6
79;98;97;11
55;2;6;20
54;21;10;47
94;44;7;49
90;1;35;13
28;1;98;40
72;21;55;50
90;34;81;8
13;98;31;40
13;38;68;41
36;68;39;28
34;69;84;28
4;65;33;36
83;100;87;17
63;90;71;49
12;96;89;31
52;18;44;8
45;93;16;1
69;78;90;4
3;77;61;46
66;51;45;11
66;65;58;28
93;17;41;6
11;98;18;45
74;97;74;21
94;6;19;24
82;52;17;39
48;80;24;19
85;68;61;35
19;70;53;46
40;45;2;7
7;75;9;31
8;17;9;1
85;54;99;19
83;47;24;23
66;7;69;35
44;68;99;37
79;67;22;47
42;93;11;48
11;37;62;21
15;45;27;18
47;89;67;45
64;35;45;18
46;59;93;44
15;80;35;34
70;44;73;28
34;86;8;18
10;31;10;23
23;42;11;7
91;16;18;40
37;48;59;4
83;36;36;14
47;44;26;46
85;14;51;9
92;49;97;14
37;96;20;19
46;69;15;21
22;25;22;21
74;87;7;6
98;40;62;34
94;1;29;46
85;44;90;32
90;73;60;15
33;4;69;47
55;63;25;9
90;17;11;48
44;52;16;26
88;23;26;4
32;71;81;1
34;95;27;43
15;37;29;36
88;25;23;47
63;20;25;24
66;42;67;47
68;96;8;42
67;17;33;26
7;92;20;47
16;2;10;24
53;1;8;4
68;36;26;38
36;60;29;3
72;1;37;35
66;58;59;28
56;44;91;11
86;68;29;4
54;99;74;49
38;60;34;45
38;45;12;41
26;35;1;5
65;99;26;21
70;18;64;23
98;4;70;4
54;79;28;31
23;3;98;18
69;46;27;19
71;53;22;49
63;84;88;7
4;15;84;30
46;53;15;10
35;89;83;18
28;6;42;8
97;70;68;5
81;75;19;10
73;99;86;41
14;63;17;23
83;29;65;15
66;76;96;24
92;5;92;31
42;93;56;41
48;13;71;1
9;82;5;31
66;39;59;1
4;99;56;37
96;75;19;36
98;27;5;23
68;39;43;1
80;84;12;9
47;33;36;7
46;74;21;14
34;36;71;33
7;30;22;29
27;15;18;16
13;78;18;13
78;8;76;37
47;3;69;20
39;91;86;17
24;22;23;24
86;78;79;41
81;60;32;3
56;48;10;12
15;68;88;48
29;52;51;2
99;60;20;18
72;64;76;41
1;89;46;11
36;2;12;16
13;44;14;15
80;15;62;23
83;34;97;15
16;81;61;8
82;44;30;44
22;50;67;7
10;5;72;24
3;8;42;36
76;65;55;41
43;65;83;7
62;43;52;2
81;46;22;24
85;76;62;39
71;62;7;38
90;47;51;40
13;53;63;49
93;56;96;5
53;55;42;31
62;11;55;33
40;39;31;3
14;61;62;2
96;41;40;39
93;86;93;43
98;26;8;11
9;47;22;46
98;42;7;28
47;85;76;1
10;9;48;45
41;92;5;34
77;67;74;3
19;41;45;45
74;66;64;33
20;48;89;39
22;76;89;36
58;79;72;5
5;48;66;35
72;30;26;40
73;31;89;3
92;64;67;38
61;36;85;31
100;28;40;41
41;25;62;49
54;87;18;18
50;24;83;33
78;20;54;27
64;52;32;10
53;7;66;30
55;73;87;15
55;1;10;6
83;68;74;7
65;6;88;10
46;42;4;39
83;16;50;6
11;63;52;44
95;54;19;22
29;88;54;13
58;56;36;23
57;8;33;46
14;80;35;20
36;23;39;26
93;18;77;7
32;10;35;46
41;42;64;42
72;5;69;39
100;55;70;42
31;71;64;31
91;7;37;6
68;31;2;23
72;91;82;25
68;18;72;8
9;94;20;49
34;13;64;50
26;66;87;5
90;22;14;7
89;55;78;29
77;2;82;44
62;34;78;44
68;60;78;15
94;70;34;50
29;85;37;15
34;75;80;48
60;34;46;26
91;43;86;30
17;48;11;37
75;8;20;13
87;15;69;21
75;48;4;28
81;41;37;39
25;4;55;5
77;97;71;46
96;85;81;46
73;34;54;39
72;99;62;40
37;76;41;24
42;73;69;21
38;64;46;17
9;12;70;1
9;73;94;40
100;19;46;42
22;52;75;9
44;9;66;15
83;16;4;26
37;58;1;20
77;29;3;7
88;32;100;47
6;21;39;30
12;18;73;9
66;13;3;45
13;55;58;38
54;20;4;3
99;8;19;22
13;3;41;5
95;54;60;24
37;67;31;49
26;82;100;11
72;53;20;27
89;2;18;28
95;97;24;36
67;52;51;41
10;85;75;49
57;45;89;8
71;10;89;37
3;35;59;38
11;47;97;43
69;4;4;49
29;8;62;2
71;30;68;30
78;80;64;12
97;82;26;41
38;33;80;45
30;71;65;42
43;98;21;38
43;73;47;45
59;4;3;23
28;94;73;20
11;61;3;32
88;25;63;11
97;97;90;50
11;89;74;5
48;55;92;26
1;73;95;6
62;3;43;23
54;69;14;11
42;83;41;34
45;46;75;32
98;9;55;19
66;17;43;31
37;41;6;26
30;48;55;5
36;58;64;25
5;96;66;9
42;50;51;27
39;76;38;36
92;62;9;26
79;100;19;7
50;5;19;34
40;27;81;45
76;13;31;48
93;48;10;5
89;48;13;44
74;38;47;18
17;22;65;3
55;96;76;18
92;15;58;35
66;1;53;4
93;76;3;41
78;83;51;28
43;59;92;43
15;66;72;33
42;75;94;41
38;11;25;39
59;26;59;41
83;59;63;46
2;16;31;8
38;44;71;48
67;3;56;8
87;26;33;40
45;74;83;24
67;56;91;47
69;21;39;44
8;29;59;44
88;68;84;21
50;79;44;48
95;30;73;12
3;91;94;24
91;46;72;4
39;94;38;34
87;85;55;38
76;97;75;16
3;4;22;5
56;73;60;9
66;10;92;6
90;70;21;33
82;66;55;32
33;2;37;13
34;15;13;14
44;66;33;26
98;62;52;28
32;59;87;29
44;29;80;28
25;95;25;7
46;35;5;4
90;26;88;1
6;73;71;36
94;37;73;5
73;80;16;16
85;72;29;13
26;54;40;41
76;4;77;49
95;11;54;30
10;52;92;20
54;83;44;48
56;10;55;7
13;80;90;38
8;72;28;8
12;98;99;11
71;31;14;41
68;73;51;25
87;10;2;3
97;35;82;38
12;52;34;40
6;41;40;6
86;99;8;47
1;4;7;50
51;1;18;46
70;76;95;12
14;11;27;8
63;17;88;11
89;44;63;49
61;53;56;2
76;95;80;21
1;27;2;1
93;26;16;16
59;1;60;18
65;55;83;49
72;46;42;6
83;93;34;34
79;30;99;9
86;3;96;19
98;100;42;47
84;30;82;22
93;23;61;16
58;50;34;42
20;39;65;50
3;71;97;10
93;64;11;3
99;9;51;24
25;38;61;33
47;71;43;33
36;17;54;11
96;44;45;26
1;16;42;37
29;8;51;32
28;44;53;47
76;41;34;15
2;52;66;15
13;96;10;41
35;24;99;32
29;64;60;35
79;98;99;17
83;41;13;30
6;83;14;27
98;61;63;12
55;26;92;3
81;92;66;25
84;62;63;28
89;39;100;30
33;51;51;48
96;62;94;20
81;72;90;14
35;86;18;23
8;38;70;17
91;71;83;30
50;1;1;40
65;23;32;11
5;76;10;25
9;91;48;1
67;36;77;1
70;64;33;41
87;97;27;35
42;63;22;7
36;21;52;17
6;48;50;16
94;68;85;36
32;67;98;8
7;53;33;44
85;55;16;29
62;75;30;1
70;75;25;35
16;55;90;23
73;58;79;10
52;7;40;21
98;71;38;11
93;56;83;25
27;67;37;10
85;9;98;44
96;68;21;12
67;48;24;28
70;99;78;12
57;72;90;25
8;10;96;7
20;87;44;48
82;89;7;34
80;79;81;7
56;2;4;23
66;39;51;33
60;61;9;21
74;21;27;4
63;55;8;17
60;85;26;43
14;10;40;2
22;49;71;21
50;15;48;18
79;41;90;39
53;73;8;20
88;14;26;29
72;13;54;47
10;46;1;22
22;35;88;26
57;27;62;21
28;67;79;40
49;86;83;48
91;58;17;26
42;2;10;18
5;4;24;37
91;2;70;34
65;75;11;32
53;65;38;41
70;46;11;41
13;68;29;24
25;42;85;43
81;24;78;50
52;66;69;24
30;85;15;23
77;28;4;8
40;50;94;45
75;65;40;25
50;55;90;3
9;45;38;15
16;68;19;26
46;83;49;5
19;57;51;21
6;1;36;38
54;52;10;30
59;27;66;10
73;21;20;2
66;29;12;1
19;81;85;16
78;54;73;31
38;95;8;41
43;56;49;28
78;67;64;39
19;43;77;16
12;6;93;39
84;31;82;29
82;68;53;43
40;25;23;17
73;100;2;48
83;38;88;5
42;97;34;47
94;57;74;29
96;30;53;21
32;56;96;36
8;97;69;23
39;89;76;4
100;6;18;31
60;9;4;33
43;9;80;4
19;87;76;1
11;90;92;36
59;25;60;5
8;54;7;8
54;66;60;45
50;57;75;46
83;37;50;21
11;4;93;25
63;94;47;31
24;82;47;23
62;50;81;47
68;89;43;29
73;87;57;47
43;55;38;35
51;67;83;29
68;11;65;23
81;20;85;31
16;84;19;5
86;81;65;43
87;56;64;37
92;25;13;22
30;61;61;43
39;45;33;46
49;69;87;1
53;17;29;47
47;9;97;15
56;63;91;46
74;72;78;3
84;1;62;49
32;58;15;2
24;53;84;25
88;2;37;38
18;35;70;36
91;70;69;39
41;3;30;3
94;95;15;35
38;49;46;17
66;36;24;50
92;95;31;40
58;64;52;33
63;48;37;9
35;54;53;36
15;1;72;47
70;77;52;25
88;1;88;18
97;20;47;6
71;62;40;40
28;75;45;10
100;72;80;24
84;34;52;8
38;83;10;23
39;33;48;34
5;32;85;28
78;100;68;21
49;97;21;33
19;52;14;46
43;100;28;3
10;89;38;24
6;35;64;17
84;8;51;25
37;6;50;48
60;34;76;16
4;8;57;16
87;7;25;11
28;51;44;10
89;65;92;27
86;82;97;16
79;97;77;12
75;58;57;38
93;61;98;7
93;100;76;24
81;89;42;16
70;85;26;31
43;28;40;44
14;57;43;33
79;38;61;39
45;71;95;48
3;1;1;3
22;41;43;24
29;37;88;11
29;40;72;3
22;60;82;9
37;44;79;48
56;26;98;5
3;62;35;20
17;2;3;26
96;21;24;39
71;56;57;21
20;75;79;43
42;85;44;1
19;59;85;32
100;61;73;15
50;21;80;36
47;91;8;19
80;61;63;32
48;98;73;50
12;33;35;20
85;79;45;48
60;17;51;34
9;4;67;33
74;76;57;43
96;7;35;29
26;8;10;17
47;29;20;42
53;86;44;43
70;91;58;22
4;41;2;9
70;63;51;18
29;95;56;33
7;79;91;32
30;6;85;32
17;28;22;6
75;58;90;21
14;98;93;3
34;53;67;30
11;61;81;3
95;98;67;29
54;40;53;20
86;55;54;2
37;88;59;27
81;34;14;42
25;79;40;4
92;26;86;2
24;6;30;41
74;14;31;3
48;70;9;9
25;81;28;15
43;37;75;33
38;72;95;15
100;31;81;13
96;99;6;46
96;36;67;44
84;63;82;36
40;53;12;28
35;80;2;12
38;71;44;7
34;69;69;49
12;26;10;6
28;86;72;32
78;10;29;30
32;60;78;31
32;57;29;27
51;80;9;24
67;35;83;4
41;68;35;1
89;17;32;1
23;47;57;13
95;61;54;5
73;2;92;11
6;61;68;32
63;89;25;38
55;96;76;23
87;58;72;6
48;33;9;28
67;37;66;43
56;22;86;47
82;92;17;42
90;48;16;27
69;86;27;23
29;77;94;16
29;43;27;2
38;80;60;36
68;15;2;44
88;36;85;20
79;25;98;50
53;89;54;35
78;73;86;46
12;83;92;16
37;62;44;13
90;84;44;16
35;51;21;1
81;49;82;22
93;79;46;13
51;76;79;14
22;79;66;9
8;89;67;3
12;79;24;42
27;74;20;5
48;9;95;11
1;66;21;2
38;36;22;7
37;9;21;47
82;27;46;2
29;46;18;11
42;99;12;31
69;35;80;49
52;5;39;34
100;38;45;47
67;77;6;29
10;79;96;50
27;32;84;29
36;67;57;2
38;79;46;27
31;38;33;31
66;84;73;44
36;69;83;22
28;17;28;4
78;77;61;28
53;58;21;39
9;7;44;38
74;88;2;12
29;55;91;43
19;88;54;1
15;30;83;26
71;74;22;11
75;2;63;1
57;10;37;41
63;27;26;2
39;82;20;17
100;9;94;37
42;67;66;34
43;46;12;20
60;77;60;18
13;56;16;40
79;58;82;20
76;37;56;39
57;18;67;40
23;67;58;50
92;94;43;45
41;97;52;19
43;95;22;37
23;83;62;21
73;5;86;27
39;24;18;50
7;44;51;4
50;99;35;4
61;62;28;13
48;100;32;31
89;26;31;38
89;83;65;12
80;47;45;11
44;3;43;11
32;22;69;32
56;36;96;6
65;51;2;42
49;61;39;37
33;95;15;37
27;37;64;31
44;20;31;17
3;28;44;8
28;96;80;26
15;52;93;42
39;50;100;31
78;88;66;42
89;92;2;14
76;18;71;2
71;98;22;28
48;54;90;42
63;17;30;11
5;43;81;3
22;6;80;28
77;61;46;42
28;93;86;31
7;95;80;10
39;34;95;14
42;100;46;8
79;20;13;11
89;23;76;18
7;28;33;31
43;49;60;15
17;6;92;40
62;38;67;36
82;60;56;27
85;34;92;48
35;34;3;33
4;23;23;42
85;100;58;36
73;80;75;17
69;94;53;33
58;33;26;29
96;17;75;15
80;72;72;11
42;57;22;20
44;80;3;48
18;89;60;41
27;88;99;27
28;7;59;33
38;95;100;13
92;84;98;37
28;61;58;23
24;60;5;15
55;87;27;47
40;20;49;17
23;47;97;36
55;7;54;6
25;68;42;22
16;24;34;10
82;76;3;42
22;39;8;7
10;35;84;6
12;72;57;45
84;31;93;22
91;52;7;30
62;50;34;43
79;66;66;10
36;19;73;13
15;15;71;28
3;59;36;49
60;52;99;2
26;10;73;9
21;68;3;41
68;57;18;35
78;76;61;40
60;84;38;22
61;41;37;19
98;55;45;3
74;74;5;11
17;44;85;25
27;83;96;31
64;87;75;2
24;42;58;8
97;67;12;25
34;51;7;8
90;22;74;46
84;68;62;15
67;5;92;32
33;3;28;33
79;76;38;13
22;63;31;47
98;31;71;28
64;62;67;1
81;89;60;32
24;60;40;5
84;8;29;46
48;58;88;26
34;14;60;35
52;18;18;32
45;24;41;15
94;28;91;46
25;25;8;31
14;29;94;9
27;41;83;29
70;69;80;4
39;64;34;7
51;32;39;24
95;92;19;25
18;52;69;44
50;76;98;38
19;46;3;43
90;29;19;26
35;57;21;21
37;18;37;16
98;81;89;24
35;13;67;31
13;40;100;9
71;95;10;49
34;43;80;18
8;9;59;49
5;94;63;47
64;49;87;7
78;94;22;35
10;93;68;6
50;59;66;28
78;84;65;8
41;13;7;39
15;7;4;37
25;63;73;16
93;43;53;2
72;47;91;30
28;56;40;48
66;51;25;7
100;98;25;28
8;2;67;35
61;46;43;10
17;92;87;41
35;6;31;8
50;100;72;37
83;6;16;38
7;44;99;19
42;77;5;11
16;34;20;12
91;51;9;40
26;77;89;2
74;9;100;6
56;55;59;45
25;12;13;44
78;55;7;1
12;3;49;10
74;7;79;50
1;37;29;29
71;95;75;50
85;63;45;16
19;52;85;8
53;100;78;5
64;22;28;46
59;80;59;15
70;13;68;46
41;7;41;21
93;92;93;31
9;77;43;32
72;27;23;15
95;60;59;33
67;7;85;46
78;38;13;12
71;28;26;30
95;82;28;21
33;92;47;11
54;48;61;36
12;7;14;4
10;63;15;38
60;87;50;24
27;13;59;40
54;69;96;19
18;20;68;7
40;73;68;25
47;56;59;36
25;14;45;18
18;48;3;6
93;37;98;22
10;7;91;27
66;36;11;39
75;42;94;18
29;34;89;11
14;58;6;26
71;83;89;31
9;100;91;29
66;96;46;9
18;50;26;1
74;39;91;17
90;15;69;28
20;31;79;46
53;90;5;11
46;51;34;3
1;92;91;6
90;100;72;20
7;77;80;6
22;81;47;5
61;89;41;3
60;2;42;15
39;99;94;25
33;56;48;22
8;41;13;15
87;93;51;16
94;26;50;47
58;20;57;4
26;39;34;23
4;81;10;49
71;5;77;13
40;76;34;3
65;2;4;19
66;43;45;12
45;51;58;18
92;58;79;31
56;90;60;41
37;97;15;31
80;32;41;35
19;16;43;6
66;10;81;35
92;20;7;25
27;27;97;22
43;23;66;37
5;75;68;42
42;94;69;30
82;10;51;44
62;30;99;28
45;75;70;18
57;61;16;44
83;84;54;29
43;86;63;50
59;14;59;3
71;98;73;6
24;8;88;46
28;67;12;22
87;24;72;4
5;24;79;47
70;84;32;41
5;88;89;38
17;19;79;30
5;60;57;40
77;97;25;8
1;30;14;32
94;43;16;23
70;17;18;15
26;82;13;19
44;79;9;17
12;7;99;6
38;55;47;27
82;38;89;14
86;15;83;17
31;30;97;36
51;34;64;25
32;74;83;42
14;95;72;14
46;4;2;24
84;28;75;8
96;7;5;1
90;53;57;15
100;69;77;1
76;96;38;2
78;46;14;17
29;73;24;38
6;40;56;5
76;63;24;17
92;44;18;3
86;20;36;49
97;39;70;45
25;36;26;39
73;18;31;32
93;26;9;30
41;64;42;8
29;83;46;26
63;73;53;16
34;33;14;27
72;27;90;48
41;1;39;25
100;100;57;10
73;26;95;32
39;19;12;19
77;73;30;1
44;92;14;2
59;68;20;2
59;61;14;46
10;71;11;2
15;33;14;15
59;73;94;25
5;15;37;22
71;27;57;34
81;1;72;30
80;92;57;14
12;24;59;45
31;14;81;8
98;25;1;47
21;41;46;30
10;25;18;22
88;96;33;8
16;85;17;37
31;27;47;41
98;88;12;25
30;8;46;38
57;40;100;14
8;6;79;50
60;5;30;48
41;65;34;27
57;67;3;32
14;97;66;28
22;41;53;8
26;19;54;3
62;57;89;5
15;74;48;14
54;27;42;17
8;94;81;47
88;55;47;1
77;73;88;25
87;25;38;48
85;44;87;29
68;39;88;49
67;63;25;33
91;26;75;15
47;30;8;28
2;67;79;13
100;58;84;50
94;94;38;4
75;87;34;26
82;54;58;18
61;91;1;28
51;6;34;46
2;70;24;16
1;77;61;5
97;45;42;7
52;26;38;25
45;87;77;41
100;47;61;35
70;23;84;44
41;55;50;46
69;74;29;28
1;2;98;23
40;36;30;23
65;42;19;35
30;42;23;40
21;37;64;4
28;70;41;17
95;26;62;28
66;30;42;23
84;94;41;21
47;41;72;17
74;24;33;45
25;52;52;23
37;60;3;44
58;68;39;35
71;77;69;7
58;56;14;28
46;19;8;28
71;86;22;32
87;60;38;27
68;20;82;37
20;43;14;22
99;79;19;1
3;59;84;31
81;21;80;18
3;20;13;16
40;26;83;33
37;66;74;41
77;61;23;12
19;68;34;24
73;35;27;16
94;28;29;49
65;47;94;30
1;70;81;31
92;96;3;3
57;22;69;25
44;76;54;20
100;15;37;33
82;68;28;20
14;31;26;16
40;47;10;48
45;15;54;50
34;24;42;41
26;3;27;7
20;53;59;32
33;64;94;8
51;87;12;39
45;22;94;4
91;91;21;27
5;99;95;25
44;90;60;38
54;83;63;46
29;47;84;50
57;68;68;23
95;76;53;42
78;36;24;48
41;18;28;35
84;62;38;50
17;86;28;20
30;65;89;44
53;62;70;41
39;26;58;22
12;52;72;21
2;92;16;29
78;99;22;44
12;52;82;30
3;17;37;11
31;63;50;8
55;29;34;24
56;99;33;45
17;82;99;42
85;3;56;10
39;97;55;45
92;21;58;19
9;42;75;28
74;44;52;15
100;38;38;23
40;18;76;41
40;49;56;41
90;100;94;32
9;61;11;1
63;75;74;3
59;64;11;24
2;60;87;13
27;61;16;43
49;93;15;9
96;72;46;49
30;69;92;26
63;1;77;9
13;32;97;45
40;90;79;42
10;8;8;28
80;94;92;46
51;83;63;48
4;65;70;20
100;56;42;30
86;66;51;50
34;68;63;15
82;86;37;19
77;18;70;35
97;47;35;7
27;24;62;5
28;25;32;39
83;58;41;45
61;98;45;40
34;20;70;19
59;10;62;21
30;61;55;1
82;81;94;10
7;36;51;7
78;74;44;3
70;97;94;4
21;75;7;36
67;65;39;48
38;27;42;14
19;17;30;8
24;22;75;9
2;31;20;27
71;67;5;21
11;23;76;49
94;21;6;48
67;84;88;49
27;42;53;39
3;33;42;41
66;69;43;20
16;27;17;29
14;39;100;29
82;8;9;38
67;47;36;47
94;84;82;43
58;43;58;4
21;16;85;36
84;74;75;49
15;38;79;12
91;71;77;7
62;84;67;12
84;94;100;27
86;23;83;20
19;95;9;18
95;10;14;20
10;76;7;46
82;56;40;32
78;20;85;10
86;83;24;45
68;57;7;15
54;34;8;11
81;94;97;37
100;73;26;16
1;86;91;17
28;21;13;42
29;65;40;24
38;29;77;27
65;78;45;27
72;90;74;22
39;69;34;8
9;26;51;21
28;32;57;6
38;7;51;35
30;23;41;5
66;93;62;34
84;74;13;42
94;2;61;28
56;5;64;37
56;62;62;46
56;13;83;8
62;28;81;36
45;20;68;23
48;67;88;19
89;36;28;7
31;11;68;15
44;42;65;14
42;70;64;39
65;95;22;41
63;97;13;43
66;92;37;45
98;98;58;21
95;86;23;16
58;46;81;22
90;86;59;1
9;12;70;42
85;1;81;31
84;45;44;36
71;36;85;30
47;32;46;45
99;4;50;29
51;63;16;9
29;14;52;11
9;81;61;17
25;78;24;47
25;31;9;17
18;34;44;32
51;36;45;24
32;92;27;34
49;10;12;29
24;93;27;27
46;45;49;31
41;96;73;23
3;31;87;25
95;66;67;7
32;53;78;9
65;59;81;9
69;64;3;42
24;27;80;30
40;82;35;28
65;45;22;48
42;63;63;49
70;29;9;24
88;58;89;25
51;18;8;4
40;29;97;14
59;98;95;10
25;14;75;20
71;31;9;32
4;89;79;47
12;16;51;39
48;4;42;16
22;5;20;5
91;74;47;13
86;88;76;37
69;94;31;21
33;24;89;46
10;73;32;16
30;43;25;10
41;1;87;2
64;83;27;25
12;59;87;49
90;7;57;50
4;3;10;43
82;70;38;47
18;50;63;39
24;94;8;17
95;34;17;21
39;58;22;21
92;36;41;18
26;29;1;6
83;8;79;8
93;19;17;12
41;88;24;24
26;8;34;6
8;22;88;44
67;79;30;34
15;87;74;37
68;95;8;13
18;97;48;44
19;51;32;50
25;96;30;48
95;81;79;38
54;59;17;33
70;44;20;27
78;1;10;32
52;90;83;50
83;41;40;43
56;52;17;33
93;5;33;39
57;31;88;19
66;24;2;41
8;70;64;5
10;81;71;35
11;30;88;45
83;99;10;44
45;62;2;41
44;9;30;2
17;43;8;35
79;79;66;43
89;30;64;25
51;14;37;10
99;93;96;11
32;48;29;6
6;6;82;12
50;28;86;49
68;89;85;46
8;4;38;25
87;55;17;5
76;55;5;44
34;87;88;28
75;22;47;17
92;37;99;31
91;94;32;31
63;60;52;28
50;83;83;33
20;27;4;7
38;83;96;47
77;92;81;48
86;15;47;29
10;12;63;46
79;16;51;13
68;90;75;17
84;93;29;1
56;40;27;44
100;45;88;10
71;42;90;15
88;66;66;41
53;86;64;27
34;98;9;11
84;92;21;30
61;37;51;37
82;2;74;19
25;63;67;8
57;41;7;42
13;48;90;16
62;85;67;32
10;75;51;33
16;20;8;28
58;24;82;16
89;66;66;48
42;5;51;33
55;38;81;45
30;38;54;17
12;24;12;19
10;98;99;50
12;72;47;36
33;29;33;33
84;99;59;12
17;5;18;35
80;57;58;2
81;84;20;49
43;48;15;20
88;63;60;46
87;91;85;39
68;54;55;49
2;90;97;6
88;70;91;42
35;54;77;47
42;84;22;17
50;63;4;20
18;44;46;5
24;26;93;10
24;37;94;20
88;93;28;40
38;90;53;42
52;34;18;29
100;86;5;50
67;28;38;27
50;26;39;36
50;80;67;31
30;60;59;3
87;18;5;34
99;85;70;28
14;69;31;30
10;21;86;17
5;58;48;34
59;63;50;25
13;100;17;21
21;87;81;10
72;70;77;5
69;62;27;2
86;92;86;26
96;80;79;18
44;12;45;40
54;54;34;12
71;78;46;27
92;52;8;19
30;22;81;25
52;11;43;10
10;1;66;9
83;84;76;31
79;24;46;33
13;73;29;22
67;24;29;42
55;57;48;8
85;9;6;15
83;89;46;5
37;40;60;9
25;14;5;21
35;33;61;3
28;93;94;42
40;34;58;43
89;47;90;32
90;40;72;34
76;93;5;47
29;37;70;4
20;15;48;34
74;18;41;2
100;89;66;38
15;84;98;12
70;67;46;11
40;68;67;43
28;85;62;21
50;81;16;33
72;82;54;34
34;62;24;1
40;75;11;4
84;57;36;11
43;47;2;41
5;42;10;29
96;37;92;20
9;7;20;49
14;56;82;7
41;13;27;40
85;95;67;26
97;24;65;50
85;11;14;17
25;90;46;48
39;10;93;35
1;10;69;32
77;61;22;18
65;91;98;38
54;92;38;16
96;72;88;15
70;98;96;50
55;79;16;16
21;40;86;40
85;28;4;21
25;44;25;48
69;72;55;21
61;66;98;15
83;36;94;46
81;78;16;21
88;75;65;30
42;82;13;4
65;90;45;49
83;57;59;6
21;12;21;30
90;100;35;32
97;37;74;9
80;73;28;47
16;58;92;35
57;26;80;4
12;14;99;43
37;95;8;32
93;37;64;35
90;17;76;23
33;9;100;43
70;10;7;1
11;97;77;47
39;86;72;2
66;79;80;23
50;18;35;8
15;29;62;50
8;83;35;37
12;32;2;47
74;60;6;28
42;50;37;33
71;79;36;14
88;69;95;22
100;60;11;41
55;72;74;47
45;67;8;29
71;31;99;12
37;56;96;29
25;11;57;48
54;66;89;8
74;25;94;31
33;16;20;28
74;33;75;29
44;20;57;47
72;9;37;6
87;58;85;20
68;51;57;28
2;45;97;25
65;81;68;32
52;3;66;8
13;57;62;41
82;28;88;26
75;92;9;18
64;45;4;41
23;7;9;29
46;71;9;31
87;80;30;47
72;90;54;8
28;94;81;48
62;98;30;24
58;35;23;1
53;17;33;41
46;41;33;34
47;11;16;12
18;9;30;35
67;3;50;23
56;8;3;37
69;30;91;30
29;84;76;12
5;53;50;22
20;58;3;2
99;29;12;34
11;25;89;37
68;93;28;46
33;59;72;16
71;50;14;37
23;92;50;26
77;13;27;9
81;39;79;7
62;13;95;42
3;67;75;22
43;6;27;4
75;75;9;4
66;35;14;26
27;10;13;43
27;90;54;1
62;84;22;27
84;19;72;11
97;44;88;47
54;71;85;33
26;68;68;16
97;17;15;32
96;55;1;21
21;27;28;18
46;50;71;49
23;52;62;37
46;74;96;31
26;86;77;29
43;56;78;9
34;59;83;43
34;50;92;19
95;99;12;5
11;38;38;24
37;39;83;29
1;23;98;5
29;63;58;21
67;87;87;13
43;26;18;13
28;14;17;29
35;38;45;24
51;66;23;13
6;98;18;33
92;17;95;7
95;75;97;6
6;92;85;25
45;55;72;21
51;57;47;42
70;27;67;27
37;43;31;29
99;84;10;12
46;74;11;9
82;45;60;27
74;51;22;50
36;8;1;22
88;63;43;8
83;30;62;9
91;10;74;7
96;72;66;45
95;20;51;13
29;56;83;15
97;86;43;2
31;6;27;47
98;20;79;10
36;41;60;13
40;30;100;32
53;41;67;8
76;11;2;21
15;51;33;29
73;46;82;38
79;66;59;41
64;11;66;17
6;15;34;42
39;38;89;12
50;80;47;12
40;32;18;48
87;24;53;9
39;17;69;7
99;24;38;10
74;1;72;32
36;31;78;35
89;94;80;40
26;39;44;11
75;6;91;36
62;25;53;47
62;25;76;15
98;59;70;9
74;59;20;38
25;72;60;33
67;62;9;44
35;75;13;5
15;8;82;26
83;52;52;34
69;62;12;39
46;39;54;2
44;7;29;43
15;49;34;36
71;42;35;26
44;66;78;15
59;35;80;2
90;63;43;21
58;4;33;10
2;7;37;49
29;56;88;32
13;94;68;25
40;66;64;37
79;7;7;30
61;17;67;39
69;90;78;10
54;67;87;28
11;32;79;44
91;24;94;30
90;67;68;22
33;55;41;1
40;12;38;40
30;34;58;13
82;59;3;36
84;93;4;32
30;12;9;32
32;94;63;19
7;50;38;37
79;47;20;30
55;44;1;6
14;78;65;50
59;20;79;17
22;20;84;26
88;18;52;7
4;1;19;30
29;70;57;19
73;72;73;8
78;100;7;25
83;87;23;4
35;78;28;45
25;37;85;6
93;94;45;26
77;36;92;2
53;71;69;40
6;9;8;46
85;60;55;41
62;85;99;4
69;24;14;35
18;76;99;39
85;79;22;42
59;56;72;33
95;40;100;48
68;9;33;43
62;39;14;36
19;19;75;27
52;96;50;43
54;14;31;27
100;37;18;7
66;99;43;44
36;46;72;14
33;31;1;49
68;37;100;13
74;93;1;8
72;17;44;29
15;56;61;45
76;44;92;22
31;42;62;44
16;94;65;44
75;22;33;11
52;67;66;18
8;76;93;2
1;76;80;23
6;90;64;12
59;86;22;4
71;56;87;38
49;23;60;31
27;93;35;48
99;24;31;1
99;7;66;10
16;93;75;20
52;72;100;27
79;15;77;41
73;20;43;36
61;87;46;45
75;25;58;4
38;71;100;40
43;4;91;6
79;58;60;40
5;53;16;42
59;97;68;47
33;21;89;36
10;53;26;36
86;62;83;31
42;97;14;4
57;42;41;28
20;5;37;26
56;45;66;39
10;35;13;17
18;64;94;33
100;65;38;49
28;16;78;27
83;82;87;8
18;92;47;26
87;48;28;18
88;53;44;7
59;51;11;3
50;43;61;33
27;5;51;22
94;24;53;11
73;84;95;50
1;92;78;20
63;17;27;37
24;89;53;6
93;11;97;18
9;44;47;23
71;90;13;35
38;21;17;34
68;3;78;25
90;53;17;1
18;82;2;37
90;23;95;33
90;85;20;3
51;89;45;27
68;95;17;7
73;60;97;21
58;41;57;50
73;50;86;41
11;25;41;22
74;43;34;31
24;50;62;10
63;36;62;37
78;49;1;11
72;68;78;17
2;92;97;41
22;69;92;35
30;36;22;14
6;69;23;16
96;62;41;48
22;82;67;38
93;45;50;3
87;74;4;26
8;10;79;47
89;89;93;23
34;5;1;33
100;42;58;15
90;74;78;29
89;82;37;49
24;33;8;49
92;69;87;12
78;97;14;16
65;95;42;5
18;22;37;48
48;61;71;39
88;78;14;39
59;20;29;4
94;96;78;22
16;1;76;34
7;90;97;1
4;76;48;33
3;94;88;50
48;97;74;29
95;14;48;15
28;59;46;21
86;19;23;13
48;76;64;37
77;46;57;49
29;95;2;24
28;80;75;12
17;18;39;25
14;49;24;25
95;7;36;41
99;86;49;27
59;94;88;42
56;57;88;18
32;91;47;2
40;66;72;15
42;70;87;31
84;86;11;13
98;89;2;42
6;7;31;7
10;32;41;38
78;11;56;43
79;84;32;1
39;63;38;33
61;11;98;4
54;98;45;24
79;5;56;27
58;17;71;49
22;5;64;45
100;47;47;9
85;35;75;9
89;42;6;4
28;80;74;40
67;93;82;6
39;28;38;22
32;33;34;5
80;58;99;5
28;43;59;19
88;60;52;40
83;95;41;10
54;42;99;23
48;27;31;17
43;35;33;17
12;39;52;22
43;24;41;10
58;97;28;3
27;10;100;6
34;24;91;43
84;20;66;40
6;61;45;26
66;69;55;47
1;83;21;30
58;71;80;46
44;34;54;14
64;41;17;20
65;86;34;41
50;69;25;38
52;31;64;35
67;16;60;37
47;55;41;19
4;10;90;17
84;75;66;25
3;76;67;8
35;79;83;45
96;2;6;15
3;97;63;32
91;7;29;23
17;4;10;42
31;48;79;23
38;92;70;9
48;78;40;44
74;89;42;41
62;13;19;1
51;11;87;33
60;20;33;29
8;86;23;18
54;39;27;41
71;31;7;42
100;92;3;8
27;44;57;7
46;83;86;24
34;40;43;11
47;21;83;41
16;54;11;35
83;95;15;35
13;56;57;7
74;63;1;3
92;70;87;35
26;33;43;36
62;60;95;41
53;53;27;42
86;44;82;47
47;15;52;33
44;61;87;12
57;70;34;27
54;74;38;21
11;98;44;33
81;1;62;17
88;86;2;33
65;31;70;14
9;6;19;38
11;78;10;13
90;40;51;38
95;13;27;40
93;4;97;9
18;75;81;24
21;46;34;1
86;53;73;22
44;90;48;24
36;2;62;17
79;97;21;15
23;17;76;41
22;18;86;23
76;23;63;4
14;21;67;15
12;17;24;20
65;47;69;26
27;60;78;18
39;28;44;6
87;39;98;7
18;80;57;32
61;84;51;34
29;77;43;38
39;14;61;39
85;79;59;24
46;93;49;34
2;75;93;40
90;88;14;18
76;64;6;46
99;58;29;19
61;33;35;22
28;9;21;27
71;11;90;17
65;83;81;46
15;78;6;12
97;94;12;50
92;36;72;6
16;93;85;42
100;97;74;23
57;64;31;19
65;94;61;50
90;45;99;10
72;27;38;38
31;100;8;20
34;49;46;17
66;45;65;39
50;83;70;18
42;30;79;8
97;84;44;39
76;77;83;12
60;42;12;38
44;46;23;43
26;100;65;1
77;73;79;25
100;97;14;33
55;57;13;19
77;54;39;10
36;22;37;25
82;80;48;31
57;8;26;11
19;69;48;40
52;38;25;43
10;96;28;48
68;19;85;4
6;26;52;38
41;87;44;23
52;11;44;50
63;73;58;49
58;93;91;50
33;49;2;18
56;59;47;2
5;14;96;49
36;70;83;12
5;27;10;17
32;6;39;30
28;73;64;46
89;11;60;15
44;29;88;50
50;73;29;23
2;38;16;40
47;91;44;41
55;91;6;33
33;91;58;15
26;99;8;28
56;17;27;17
64;73;19;1
53;47;45;31
98;98;10;40
38;84;82;34
42;86;94;32
3;74;71;43
51;99;98;32
65;12;4;17
19;87;11;1
76;44;25;37
81;90;82;5
17;66;4;41
41;36;87;33
61;76;1;15
15;50;64;17
37;94;62;40
48;2;60;25
63;32;42;50
73;49;26;12
98;46;25;25
92;52;51;39
98;68;97;33
12;27;11;20
22;35;44;44
19;13;8;9
36;35;58;18
17;84;88;36
59;53;92;38
98;87;27;22
13;87;49;28
47;41;22;38
6;63;90;20
6;89;66;25
71;47;34;11
87;34;53;4
79;79;93;6
33;89;19;34
36;45;76;38
54;55;89;21
37;24;4;7
50;13;88;14
12;44;53;46
61;29;62;47
79;100;15;3
97;49;86;12
18;53;84;6
45;95;18;17
92;78;5;32
35;53;88;9
58;53;96;40
59;39;86;3
37;36;61;3
48;37;30;3
44;60;25;24
19;11;41;8
92;86;75;35
73;70;10;5
55;19;14;29
38;74;34;39
40;97;40;22
5;78;59;32
15;29;99;8
59;79;92;42
6;71;27;9
50;73;42;50
6;92;76;41
45;6;15;4
78;45;8;9
66;49;90;29
14;23;59;20
49;67;99;50
38;39;62;12
52;6;49;24
77;79;43;34
55;93;76;34
57;47;85;42
75;74;97;23
2;36;10;47
91;67;43;25
1;94;63;5
75;15;93;13
86;99;68;8
51;16;36;17
70;47;91;48
95;29;58;13
5;97;23;45
44;4;62;38
95;36;50;30
35;18;15;22
27;72;31;13
2;98;24;46
30;68;58;30
7;70;37;26
54;67;59;36
93;86;4;23
89;5;34;8
62;45;43;26
79;48;73;3
1;11;38;21
17;66;55;24
97;21;32;37
89;4;37;2
92;26;17;45
80;49;14;29
86;23;60;33
1;29;14;10
79;31;19;11
87;7;49;45
64;72;73;2
100;16;67;21
33;95;15;21
69;26;97;42
34;74;16;22
40;51;13;24
82;13;49;6
97;68;47;2
10;98;76;27
92;80;41;50
59;73;67;18
11;58;37;21
8;89;71;41
12;34;81;25
68;16;18;28
53;59;65;45
42;87;95;25
86;61;73;36
90;57;15;48
87;32;84;4
78;40;16;29
15;55;90;30
42;70;22;37
50;63;92;31
12;59;43;47
62;62;4;22
44;26;20;17
59;71;14;29
92;56;65;19
76;41;80;7
36;1;96;47
62;68;60;41
15;48;95;38
23;74;45;17
53;51;51;47
29;46;96;45
96;11;20;32
18;8;72;28
95;91;79;1
3;40;63;44
25;22;6;42
5;96;38;30
83;60;69;29
98;4;15;29
51;76;9;24
43;33;5;12
7;73;2;33
80;60;61;27
38;28;93;31
21;23;68;9
16;64;99;43
51;73;16;35
32;37;82;18
19;48;40;4
55;95;43;23
74;10;98;31
4;98;48;25
48;69;82;42
8;98;42;30
58;86;84;22
90;49;50;24
38;74;48;44
50;31;32;35
12;93;69;27
10;15;44;11
71;65;53;23
60;61;97;6
5;24;20;7
84;98;8;6
28;93;78;24
65;65;91;45
3;31;16;3
18;66;78;7
23;29;93;40
46;81;65;17
98;10;78;30
58;87;54;16
79;90;100;47
20;7;77;12
73;94;54;36
26;92;30;49
76;100;4;18
45;46;33;3
58;68;54;21
47;83;59;5
78;52;71;9
27;41;59;17
11;51;92;7
78;83;58;29
32;5;23;4
21;78;64;12
45;23;23;28
89;8;48;49
22;39;96;27
80;63;46;23
8;12;80;5
91;83;30;25
3;51;72;12
22;84;24;33
19;4;53;5
78;86;11;24
48;5;82;25
1;84;72;30
80;76;85;42
95;58;69;21
41;42;62;28
95;86;69;32
9;73;51;33
89;65;47;16
77;30;71;10
59;75;60;31
56;2;32;13
65;22;44;38
59;97;22;12
14;51;74;14
30;76;100;42
5;66;5;40
71;65;13;44
48;98;67;45
25;52;58;15
29;96;42;15
58;100;80;14
75;9;39;42
69;41;67;5
48;81;56;45
15;41;46;3
96;36;60;15
11;53;74;10
48;63;60;34
72;66;51;27
29;74;81;40
43;52;52;42
28;33;8;45
40;54;86;30
100;97;69;39
30;9;56;46
87;15;22;42
33;61;71;1
60;47;26;23
93;97;67;16
40;24;97;32
54;75;76;21
40;35;90;39
15;20;5;28
62;26;28;49
60;54;59;30
89;35;12;48
95;11;40;45
18;85;41;33
84;13;94;19
7;65;13;35
14;72;80;11
18;57;88;50
96;92;81;49
54;56;90;27
16;34;35;22
67;67;78;27
16;27;56;7
22;52;40;15
50;30;28;42
8;8;44;38
9;7;61;10
14;73;56;46
88;39;100;41
79;93;70;41
68;17;23;31
27;14;72;15
12;8;4;30
90;84;63;44
74;21;66;30
17;71;52;24
34;91;72;35
37;78;63;36
9;87;79;39
49;48;26;5
65;76;76;24
8;54;69;23
64;35;55;32
100;89;79;35
32;19;6;5
55;38;14;17
40;10;36;13
7;84;90;5
12;78;67;1
73;63;42;19
74;24;39;36
68;85;18;32
95;1;32;10
52;18;34;3
80;38;35;30
42;64;31;39
20;75;4;7
22;72;62;33
40;46;71;27
10;83;99;25
25;56;82;20
2;23;67;40
15;40;65;28
45;80;82;28
96;94;91;42
33;71;20;31
38;23;45;9
17;22;75;49
14;49;85;46
17;73;21;23
35;18;54;37
40;21;11;41
32;70;20;10
82;19;43;30
38;66;51;35
71;79;3;26
12;60;68;11
51;7;71;18
15;96;4;13
54;62;97;19
87;46;58;37
48;54;22;31
10;53;72;4
74;85;4;39
35;10;99;11
28;77;86;7
54;95;65;7
71;30;33;50
6;30;67;16
20;39;20;15
83;45;27;41
21;73;93;34
85;27;66;25
61;33;60;34
2;81;54;23
7;38;92;14
68;35;52;6
93;14;14;30
29;2;81;19
89;24;29;22
37;14;30;35
28;45;80;21
26;99;94;47
19;47;38;6
60;84;12;24
6;67;62;23
73;43;29;48
95;24;38;29
82;49;48;31
74;29;89;13
81;43;71;49
57;62;76;47
71;5;67;21
6;91;25;27
100;61;25;35
6;36;13;37
78;55;18;10
45;19;91;5
89;17;86;48
87;29;71;4
71;2;81;11
53;37;33;4
54;29;79;41
99;61;94;34
7;52;35;15
83;92;58;34
76;4;34;42
58;89;37;31
74;6;81;12
6;66;86;27
73;80;71;40
13;99;8;49
49;44;76;32
30;53;69;26
67;59;1;24
37;7;67;32
99;65;97;9
27;89;13;35
17;13;73;42
63;77;80;48
75;38;87;48
95;82;99;22
5;25;24;12
50;9;43;48
5;76;26;17
24;53;83;22
52;9;34;8
41;1;71;5
25;33;16;40
17;81;24;45
82;17;45;37
90;42;97;32
32;68;89;4
56;81;95;28
45;62;56;39
27;44;76;33
3;52;6;33
14;67;2;48
61;8;85;36
60;56;27;42
6;70;46;46
34;96;16;32
43;62;18;19
100;10;22;33
39;40;52;49
77;63;27;24
15;85;41;42
27;60;45;30
37;74;44;47
29;17;92;38
100;26;69;22
25;21;71;19
78;24;68;39
13;29;9;40
17;13;78;40
75;3;29;26
94;12;84;36
65;96;64;24
83;12;96;8
11;5;42;38
71;17;16;30
92;52;4;39
74;3;46;19
5;8;84;46
25;52;12;19
50;66;74;17
70;82;95;33
83;40;12;25
51;34;36;36
80;79;93;21
8;74;53;32
23;32;16;42
47;11;31;34
38;72;35;18
65;5;95;16
92;26;50;31
13;88;16;19
74;20;59;32
75;31;18;1
42;92;79;32
97;36;48;10
26;50;27;2
26;44;1;11
79;88;72;23
2;84;33;43
66;82;10;28
53;73;7;25
49;13;85;23
97;29;96;30
59;56;69;5
19;11;46;20
17;81;19;45
57;79;78;50
28;61;4;34
34;34;77;18
34;22;78;3
90;92;73;38
1;23;26;26
89;70;83;2
85;83;49;15
29;19;61;40
64;64;100;8
78;2;22;30
28;58;96;18
31;87;41;3
54;88;4;12
40;15;15;19
28;79;94;4
36;17;57;11
16;60;22;32
46;28;35;44
53;4;74;24
42;20;15;34
87;3;58;8
65;20;99;32
13;81;88;27
44;35;89;2
47;99;2;20
51;43;26;1
81;94;44;23
75;84;71;30
2;4;16;14
77;6;63;38
20;39;24;1
100;7;29;49
20;93;67;10
47;11;33;11
45;44;14;14
74;86;45;7
38;40;46;16
52;39;12;7
22;6;82;8
53;90;10;48
83;43;30;4
80;54;36;2
21;21;15;29
35;50;16;24
78;61;89;33
94;97;53;10
21;3;65;13
99;36;49;48
34;44;41;10
99;73;82;43
90;47;92;29
88;54;76;32
60;94;27;38
70;50;57;47
78;52;11;42
61;48;41;34
49;8;20;50
36;59;61;11
77;91;68;36
2;41;75;30
78;94;46;17
9;56;73;28
95;19;94;22
22;6;78;35
23;98;78;13
42;14;76;29
56;1;18;30
50;15;4;7
55;64;25;22
44;46;57;7
64;8;9;9
41;30;5;47
62;68;25;48
17;18;40;9
18;6;89;12
62;99;36;42
61;98;15;11
32;50;49;18
60;74;35;38
8;80;84;7
3;22;42;42
84;44;44;12
1;43;81;34
65;7;96;33
90;1;20;11
86;57;70;18
96;88;78;45
2;98;19;7
98;28;75;28
95;66;5;16
21;14;89;40
17;75;37;42
17;42;35;29
70;59;73;8
72;80;6;3
77;93;52;37
46;53;34;41
57;62;40;11
18;44;58;32
96;36;43;17
13;78;92;34
21;43;86;13
59;8;60;39
67;80;27;10
1;6;91;26
14;33;41;38
13;8;30;8
83;89;23;41
56;59;68;21
60;41;74;40
95;14;83;5
95;20;40;7
100;98;81;44
29;62;96;6
98;46;99;35
76;17;53;42
86;21;40;14
65;41;67;31
93;62;87;7
24;6;29;25
11;93;38;15
92;42;17;37
80;53;50;28
100;40;40;6
6;73;50;3
91;68;95;22
81;32;86;4
59;88;22;30
86;82;44;50
72;29;86;22
83;65;17;32
74;49;92;18
38;96;24;42
12;12;54;13
11;30;27;46
94;61;54;19
5;89;23;17
26;99;100;17
92;26;5;37
41;49;27;25
19;55;77;8
46;16;88;47
49;66;23;1
76;23;66;25
79;26;69;37
53;61;72;17
57;93;3;45
20;30;32;48
80;33;18;45
46;8;71;18
76;54;4;1
85;9;95;19
99;2;88;49
81;96;68;47
91;62;79;49
62;79;8;29
79;11;57;47
77;18;67;37
81;22;3;19
50;85;85;4
59;29;99;30
88;98;16;21
78;53;61;41
6;39;59;33
20;57;47;4
66;44;73;47
3;43;76;23
50;66;94;35
14;57;61;9
69;47;31;17
35;89;87;39
29;58;30;7
18;60;50;3
40;7;8;22
75;40;26;7
47;68;14;41
94;31;70;16
99;53;21;36
52;35;16;44
75;32;82;44
26;14;22;31
69;5;100;27
65;44;80;4
18;62;68;27
52;14;1;1
74;36;99;19
83;17;39;45
74;17;67;25
36;43;50;42
48;46;28;29
45;32;27;48
23;6;57;12
23;44;63;20
35;4;80;31
16;30;72;8
63;55;50;3
93;73;9;15
8;51;44;34
87;64;38;5
80;23;8;10
61;69;25;13
46;32;34;15
8;27;62;7
52;3;8;1
36;81;14;4
92;77;20;48
11;97;57;25
63;75;21;8
91;76;39;25
71;7;66;50
37;71;71;18
72;47;33;5
42;85;73;25
77;37;27;31
13;87;36;18
97;36;72;33
40;82;5;31
82;54;6;34
72;85;61;2
89;7;10;16
82;55;67;34
37;37;60;36
33;32;23;2
40;5;14;20
35;55;96;19
10;1;48;45
62;56;47;9
26;99;90;44
47;15;8;34
26;66;41;4
17;78;16;19
90;35;22;50
45;48;81;43
16;55;99;29
1;16;39;20
47;1;72;7
66;7;22;33
26;55;9;29
29;50;73;15
31;17;99;50
66;19;10;21
59;89;45;7
59;17;4;34
30;3;88;43
91;57;75;20
46;49;73;1
76;89;100;5
29;5;75;7
95;44;3;8
41;53;41;42
42;91;77;50
77;8;71;12
30;70;34;38
23;87;82;48
97;58;45;41
93;16;45;18
45;36;53;14
70;43;38;40
14;98;33;26
89;67;58;20
21;44;89;10
86;94;66;1
57;76;98;11
43;76;18;48
4;67;38;16
44;9;36;3
72;93;12;47
34;18;18;14
9;84;18;42
93;77;31;24
47;69;37;5
43;95;16;21
11;7;66;15
14;12;86;44
6;57;44;31
25;89;82;40
88;22;34;5
27;7;5;47
78;27;1;46
89;74;37;14
38;24;29;45
64;79;90;41
13;90;96;22
50;35;9;49
23;78;28;37
60;5;58;44
13;51;19;19
87;94;19;15
22;38;99;1
35;81;75;48
24;25;93;27
18;55;71;38
68;41;32;1
88;23;21;29
84;85;56;16
89;43;10;30
56;95;73;48
84;62;78;31
29;28;53;15
52;52;52;30
68;2;11;14
12;72;82;8
49;42;21;26
11;65;14;31
25;75;27;48
67;74;68;2
11;1;88;14
89;22;100;32
31;70;85;46
92;48;57;10
97;26;90;17
68;34;70;9
74;50;37;40
15;49;16;25
14;37;91;28
8;82;86;48
71;31;25;48
22;36;48;8
55;28;28;27
14;65;46;2
72;64;93;32
18;94;10;1
15;81;25;43
74;57;78;38
74;99;83;43
30;56;59;19
98;89;46;13
63;41;43;12
33;76;59;27
86;29;26;38
89;89;57;27
73;36;96;28
92;77;46;9
92;64;18;41
55;63;23;5
7;19;99;25
61;51;67;43
44;85;81;7
100;45;96;7
59;32;88;33
76;47;24;41
44;83;35;3
44;5;67;48
74;17;96;4
8;48;11;42
40;32;50;13
18;11;40;14
31;22;81;14
28;25;73;27
32;33;34;38
32;58;55;32
31;23;87;16
58;73;38;7
32;13;54;18
100;47;83;41
74;33;63;47
22;11;100;16
80;14;50;2
49;16;16;35
81;30;76;29
83;69;24;41
30;53;77;47
68;17;38;12
60;38;5;23
51;88;46;26
85;46;69;48
42;8;86;49
74;42;28;50
97;7;35;15
88;60;29;12
71;43;60;12
84;10;17;20
97;42;54;9
64;8;44;41
66;15;38;11
37;4;69;22
18;31;27;3
14;50;39;10
1;52;23;41
53;54;99;8
22;36;64;43
78;42;82;13
38;100;88;47
58;70;17;14
91;14;70;12
100;32;3;23
39;30;97;11
84;23;93;28
32;16;48;20
67;41;96;34
4;53;62;4
45;2;24;18
22;46;22;43
8;100;16;20
69;83;31;10
6;50;23;25
85;34;34;18
17;46;97;7
27;87;64;16
36;19;28;37
64;58;82;9
92;39;65;24
4;54;93;23
46;59;61;37
55;4;91;38
68;34;32;33
31;76;46;31
72;72;12;16
91;59;76;49
65;25;83;10
63;63;79;15
89;78;19;16
79;22;52;40
64;38;7;45
94;43;45;19
60;15;65;7
83;50;53;49
55;75;100;35
8;36;74;46
38;29;83;8
66;12;86;28
59;82;87;22
88;71;60;48
74;51;72;9
79;14;70;20
25;25;14;6
52;68;86;50
36;44;82;29
28;26;70;35
44;53;32;36
43;87;66;34
33;48;89;12
56;62;85;4
8;48;88;39
62;76;63;38
43;56;95;21
92;86;27;40
13;37;38;36
21;41;49;37
72;11;47;1
62;28;48;6
67;76;28;2
46;28;4;44
95;19;10;20
68;48;98;7
74;7;7;47
43;77;54;24
18;92;39;30
36;11;80;43
27;19;51;39
56;16;16;19
48;78;39;36
24;95;92;6
39;46;88;17
70;87;4;24
19;13;19;30
5;53;95;38
99;79;75;18
74;69;32;34
87;50;43;20
80;34;60;20
46;61;37;9
27;25;40;23
52;92;74;21
20;63;64;43
36;94;90;43
50;4;89;29
60;100;37;45
24;51;22;35
63;55;95;40
91;24;4;44
34;96;48;50
83;82;1;40
94;34;46;43
29;90;79;48
21;86;31;1
14;92;77;38
65;82;80;46
52;77;88;42
32;75;1;2
35;21;27;13
5;16;49;36
57;81;29;16
47;67;96;38
41;44;62;13
28;9;39;49
83;31;92;19
22;88;66;17
12;16;19;46
71;8;97;29
52;7;55;7
20;70;3;33
25;35;29;24
44;86;88;24
92;52;6;18
10;5;92;29
6;59;62;40
100;94;29;20
26;99;70;3
35;77;81;1
94;40;51;16
68;42;98;47
32;100;50;23
94;5;82;1
64;8;52;15
59;17;5;47
92;24;12;17
78;73;100;16
76;84;65;25
41;36;82;25
89;91;59;2
12;61;95;49
63;8;48;19
52;81;49;20
52;35;13;50
28;2;21;32
82;39;94;9
16;48;93;1
83;29;45;36
39;71;89;29
94;5;48;26
27;92;88;31
10;41;89;16
25;12;67;5
91;95;40;7
3;62;15;10
31;21;20;34
48;91;31;14
48;50;32;26
48;18;25;9
7;92;83;13
19;75;78;9
71;14;84;3
39;13;22;28
39;6;57;13
11;72;35;36
93;14;41;45
90;15;91;36
17;92;10;6
88;77;79;5
83;53;93;14
20;79;87;50
39;17;69;13
11;86;92;40
91;54;19;41
46;24;60;11
92;42;93;45
99;24;81;46
84;62;75;48
7;49;2;6
27;69;41;10
34;36;16;34
92;37;66;14
28;66;29;27
1;68;77;16
36;67;95;4
89;81;2;3
39;91;21;16
65;46;23;25
56;22;14;48
67;87;22;13
22;3;55;43
16;62;48;50
60;60;76;5
94;57;87;32
48;72;56;46
90;35;94;20
37;83;21;23
11;46;40;12
36;71;73;8
77;37;100;1
90;59;69;18
56;7;23;32
18;54;37;21
76;16;43;17
100;72;72;7
39;52;73;24
52;88;8;34
100;25;63;37
14;97;68;16
11;98;32;11
3;69;97;20
60;21;30;33
81;15;84;10
11;97;85;49
90;59;68;31
81;49;22;7
19;94;59;44
51;73;64;33
87;79;15;11
45;7;74;20
53;39;67;24
98;40;3;20
66;27;86;2
99;65;1;38
3;74;36;33
32;90;22;22
94;32;86;32
32;33;90;33
87;54;23;13
45;86;19;22
60;32;67;19
5;22;57;34
81;98;38;20
64;93;14;21
25;35;42;28
29;95;6;1
9;32;37;35
50;2;16;44
57;18;89;49
55;68;98;40
54;42;2;20
52;2;70;3
67;99;63;22
53;36;42;4
28;35;25;39
40;63;90;34
57;41;26;10
36;60;91;13
14;57;54;3
71;21;14;30
73;50;86;34
32;99;46;19
62;97;96;26
88;26;12;30
79;93;54;25
25;52;20;43
56;89;39;8
49;30;82;49
71;45;44;66
22;16;35;56
14;18;62;47
46;28;30;60
43;46;14;41
40;51;57;69
24;22;22;28
85;44;49;57
48;36;42;53
32;16;72;72
75;31;67;26
89;81;14;87
34;58;42;12
40;44;39;26
39;17;72;18
28;37;20;40
66;58;52;34
3;27;46;27
35;76;45;56
45;25;45;70
39;31;53;50
39;21;2;3
17;24;26;7
76;39;35;47
33;14;43;45
66;48;61;65
62;26;12;40
50;44;42;46
53;41;75;54
43;29;46;48
20;54;33;27
94;84;91;53
54;76;76;64
66;93;39;18
30;18;25;26
50;22;69;48
48;43;51;44
35;25;78;71
77;30;64;98
36;35;31;31
81;64;53;39
60;45;53;40
34;28;12;34
72;53;55;74
45;30;29;31
71;48;46;66
51;80;54;72
64;26;71;35
22;37;59;30
30;49;14;54
54;33;41;42
35;25;74;48
26;44;37;52
41;17;23;50
54;53;55;39
30;19;18;42
76;73;52;59
51;85;42;58
33;11;12;13
58;69;24;63
34;41;60;57
89;42;59;49
84;21;51;83
65;31;52;92
47;34;43;23
29;38;10;28
48;64;57;57
67;94;73;59
76;39;44;47
71;50;51;54
28;16;31;14
25;24;20;69
90;62;45;79
66;76;26;44
63;35;56;69
39;61;63;62
95;86;82;39
14;16;56;45
53;43;27;48
76;10;37;49
37;72;68;51
40;46;42;40
34;40;49;3
16;20;9;40
40;60;36;42
3;6;7;75
18;24;44;44
76;54;23;41
55;55;90;19
86;52;63;39
83;81;68;92
26;40;55;25
29;59;34;76
7;9;29;25
28;29;22;23
58;69;45;43
40;48;66;54
26;37;34;51
75;56;93;91
12;41;21;64
97;84;23;76
80;44;11;87
64;74;57;31
17;12;14;38
84;35;24;27
73;67;57;56
53;59;54;77
16;86;26;41
46;48;30;62
14;12;12;16
27;54;88;62
15;1;26;30
67;47;49;65
76;78;56;47
23;64;7;2
49;42;46;40
17;19;14;5
23;27;48;43
78;49;42;49
43;40;24;44
54;65;38;77
44;76;56;65
20;19;54;20
92;43;94;92
62;77;88;89
37;80;29;52
61;64;83;70
35;32;18;32
21;17;31;42
34;38;6;4
40;61;63;47
73;58;89;80
51;74;43;62
50;67;15;40
24;29;38;40
59;51;66;21
42;35;39;60
21;49;37;42
40;51;93;15
45;25;8;25
13;17;12;43
38;54;23;15
59;89;35;59
47;21;16;76
24;32;71;27
15;77;27;30
90;62;19;36
47;65;29;61
52;42;46;65
70;36;41;44
34;51;36;12
49;76;86;82
69;49;86;50
15;55;35;94
8;49;13;29
78;11;64;47
24;84;12;89
16;23;28;67
11;55;20;60
53;53;64;46
89;30;25;65
24;70;86;29
27;93;43;79
32;42;43;37
43;21;58;65
44;33;30;63
40;84;62;72
45;34;32;23
30;32;36;41
43;12;66;40
4;6;16;8
20;99;50;59
47;65;44;63
22;16;33;57
82;74;42;51
68;44;78;56
47;22;90;20
35;40;35;29
45;18;28;15
48;57;45;55
56;39;41;46
51;55;58;60
26;61;36;54
32;73;38;43
22;9;53;63
27;17;20;12
28;36;35;23
56;76;38;77
25;48;45;15
49;18;64;30
34;41;32;35
60;35;22;34
90;46;17;90
94;71;42;78
16;19;66;26
23;25;23;22
61;86;71;9
63;83;84;95
48;23;6;85
84;65;90;43
71;80;72;84
22;50;63;45
10;26;55;57
62;70;35;88
16;33;23;51
73;49;51;26
52;10;12;44
82;36;83;42
34;28;31;24
81;36;65;34
26;34;60;63
65;64;54;53
42;13;60;17
53;36;19;67
38;81;23;39
17;16;24;8
45;8;9;34
40;58;43;35
44;10;15;36
12;51;47;1
40;52;34;36
74;76;33;25
31;74;30;54
97;81;59;71
55;56;57;57
20;32;30;41
35;11;19;14
52;47;31;82
63;54;27;68
41;32;16;68
43;56;42;78
8;73;10;27
59;28;22;49
45;31;37;55
67;74;21;66
63;58;54;22
39;32;48;19
37;50;34;39
34;25;37;20
37;22;86;22
79;20;29;79
45;88;78;88
42;30;21;41
59;82;55;48
96;60;87;80
51;10;57;17
49;49;58;44
2;68;7;64
27;73;10;24
9;36;54;61
34;17;75;84
78;67;65;89
39;92;67;89
56;61;62;48
25;37;33;47
41;31;39;17
74;55;50;44
60;48;43;36
27;29;27;14
19;20;20;27
47;21;50;70
73;15;38;48
61;66;13;40
76;75;60;54
22;22;22;22
73;51;77;80
41;16;40;3
40;14;38;46
88;70;82;20
21;45;33;5
80;62;98;60
48;45;75;55
76;3;34;45
7;16;4;9
36;23;18;16
47;58;30;51
33;81;30;85
79;13;18;71
81;74;78;35
67;21;32;42
44;37;51;70
16;11;28;38
44;55;70;41
19;59;32;75
27;16;44;60
31;34;78;53
65;69;65;85
55;24;69;37
63;51;41;90
32;20;59;48
66;91;71;55
38;43;36;33
20;58;23;19
29;18;12;8
9;45;20;19
42;50;81;70
50;70;56;78
96;66;47;54
46;32;47;15
92;94;20;39
63;70;35;46
10;36;39;12
18;53;28;43
16;35;34;23
40;23;41;28
45;68;35;35
65;75;85;73
62;28;83;74
15;29;6;52
18;13;39;63
38;63;28;27
85;33;6;88
46;84;69;83
63;53;79;37
59;59;61;69
30;48;48;40
67;47;38;58
45;61;58;38
57;23;32;20
14;21;58;46
24;53;45;43
29;41;25;33
54;44;32;44
20;69;28;17
86;24;30;66
32;25;19;30
74;41;80;28
40;53;61;58
37;52;49;36
88;19;42;80
32;39;24;39
29;51;9;22
23;35;38;49
29;35;38;26
43;59;91;36
29;20;36;26
41;45;43;52
25;17;71;22
49;92;68;89
48;67;65;45
44;29;35;10
9;61;6;50
28;34;71;31
35;62;32;8
17;37;61;46
57;60;50;13
81;63;28;16
19;25;23;43
64;79;62;48
53;36;30;78
65;72;37;55
68;73;56;17
76;57;72;78
60;41;50;83
72;77;48;80
46;44;29;42
72;69;89;49
48;26;26;30
29;46;63;18
29;58;35;75
39;51;62;12
66;73;46;57
24;19;46;5
93;94;47;88
73;46;46;90
54;44;63;60
47;89;63;62
62;72;67;53
22;35;40;28
49;59;19;38
5;56;57;6
52;31;41;86
92;66;67;54
16;70;58;37
49;46;57;42
16;31;65;48
46;46;31;29
31;29;25;41
39;43;54;62
18;26;31;34
10;23;35;46
56;9;19;53
48;22;48;44
46;4;43;54
22;74;52;52
3;29;19;18
39;80;73;51
45;36;62;49
14;87;29;37
62;63;64;35
58;45;73;35
50;82;59;38
57;54;62;60
78;70;10;83
30;10;47;30
88;60;54;15
3;58;47;22
38;73;12;67
35;30;56;14
27;35;38;50
60;35;44;53
62;57;16;77
72;88;44;69
37;37;40;56
39;58;70;70
83;57;40;52
64;66;62;73
31;51;59;52
92;44;65;39
33;28;25;22
36;40;88;79
57;58;92;72
31;52;60;37
55;28;33;84
19;68;83;9
29;59;17;23
61;40;45;58
48;57;39;43
51;45;73;74
45;24;54;20
51;33;35;24
30;17;37;30
32;22;43;40
29;48;34;32
53;29;59;92
41;28;46;47
67;57;64;61
36;84;13;12
60;70;87;38
47;22;22;29
48;79;77;31
48;52;17;26
60;43;71;68
49;52;69;33
65;27;68;29
62;20;23;53
48;52;94;54
47;86;84;61
7;4;49;28
42;28;68;34
74;48;34;71
55;65;61;76
43;40;20;51
58;42;90;83
33;39;23;15
47;47;39;51
60;77;80;77
14;25;7;22
60;68;44;61
36;28;44;48
45;72;57;35
51;27;59;24
82;87;48;76
62;24;40;50
55;43;13;10
26;79;86;46
64;76;53;74
86;36;75;59
66;56;92;11
14;40;47;60
37;76;52;80
53;77;74;73
26;68;88;48
15;7;21;5
65;31;39;52
33;73;91;57
28;58;80;83
66;55;75;51
19;6;21;32
29;26;26;23
65;56;29;31
80;81;66;34
65;54;43;47
67;68;79;57
8;64;79;37
6;39;11;16
3;22;25;65
9;31;64;10
79;55;44;6
40;55;51;19
64;39;75;27
29;41;37;45
75;37;38;61
93;78;52;38
86;79;15;67
63;44;59;45
41;12;37;19
60;74;43;35
62;19;39;32
52;70;32;43
71;26;14;31
64;34;59;44
19;17;63;29
49;45;39;60
49;32;33;39
39;37;39;41
67;68;58;14
5;5;16;13
29;14;7;29
20;66;82;40
19;11;16;13
37;53;19;55
88;46;61;56
38;21;16;28
87;25;41;85
27;11;4;6
82;39;78;44
6;59;57;41
49;59;57;62
22;16;59;39
35;36;47;65
78;32;86;11
40;45;68;22
63;60;59;64
64;78;49;25
72;40;26;86
42;44;52;41
58;45;20;33
36;60;97;78
77;49;74;82
46;31;69;37
32;55;39;56
51;64;54;53
27;42;51;46
86;31;74;48
42;29;17;25
17;45;27;34
33;40;40;47
47;36;62;69
35;12;61;59
11;54;36;70
44;38;31;42
64;33;59;64
79;63;37;54
82;61;76;48
21;64;71;71
43;76;33;29
85;83;88;17
92;80;92;62
48;69;76;44
82;37;60;45
40;38;41;51
84;33;35;65
17;33;77;44
44;79;49;84
11;11;34;62
64;65;75;55
47;32;18;25
23;22;27;64
69;26;30;40
74;16;55;63
26;56;14;75
67;70;54;67
79;44;82;64
53;11;14;23
39;47;46;37
34;39;7;21
48;56;55;39
36;89;64;83
26;45;34;53
24;63;42;70
49;37;45;16
44;47;38;52
37;53;75;38
16;71;49;54
42;47;7;46
67;64;44;83
80;57;56;25
55;19;42;61
97;66;52;56
57;63;78;28
61;56;49;40
63;92;56;77
34;88;54;84
8;65;63;47
48;35;81;47
13;7;13;41
80;60;42;28
2;24;2;14
45;50;64;35
21;46;58;58
66;34;57;65
19;53;56;12
57;72;27;59
11;4;26;23
34;67;36;39
38;31;32;43
75;90;75;80
28;66;64;48
20;84;64;87
57;66;25;18
24;14;40;16
74;36;56;34
57;53;25;30
46;69;72;42
64;83;78;64
21;89;80;42
8;28;39;21
11;23;22;15
21;40;86;15
33;25;64;66
64;62;56;62
54;63;35;57
14;49;56;28
79;35;64;56
29;66;79;64
64;51;50;69
22;38;38;81
60;69;22;41
62;74;90;50
28;70;48;27
27;66;35;83
31;11;43;17
63;48;20;33
64;48;65;63
55;43;19;43
30;31;12;31
23;54;48;43
40;43;52;34
16;18;73;8
22;56;43;30
64;66;42;62
44;68;41;60
38;39;89;78
35;40;35;47
51;59;66;46
50;53;77;74
67;31;79;70
68;54;44;37
70;80;58;47
32;40;26;33
3;6;41;26
75;84;66;87
67;36;37;36
51;35;61;40
23;59;44;76
44;55;82;50
8;29;18;39
60;25;52;37
69;74;43;83
58;54;31;35
80;32;39;23
84;35;84;6
11;89;62;58
20;15;27;10
25;28;34;7
57;62;56;47
54;58;71;63
83;81;23;35
61;51;15;10
81;79;87;86
57;52;46;78
70;50;67;54
52;37;64;51
81;55;76;87
55;53;42;44
66;59;79;53
41;15;57;27
40;60;73;82
17;13;72;25
54;57;68;59
84;50;47;75
85;21;33;22
55;41;53;31
41;40;35;36
76;6;44;19
30;51;32;31
18;73;13;89
53;51;52;83
29;69;76;71
25;11;70;66
40;12;46;30
46;29;65;41
33;49;12;53
65;28;54;36
56;64;65;84
29;23;41;4
58;68;24;89
35;35;20;19
50;51;32;32
51;32;38;94
46;52;59;61
27;13;12;15
42;43;35;49
53;72;18;28
71;34;28;34
29;34;54;82
55;40;50;63
42;59;55;47
52;17;73;17
56;50;44;82
61;58;8;74
48;18;28;43
47;40;42;41
42;27;54;49
48;82;41;28
42;59;65;49
31;21;34;25
52;97;21;14
50;11;35;77
41;23;47;52
44;36;10;22
49;25;14;33
33;65;63;37
27;24;11;9
14;65;38;63
33;36;35;10
85;55;74;44
23;34;47;64
35;29;19;53
43;42;50;55
97;89;68;17
32;42;48;68
85;88;17;61
74;53;66;43
32;28;28;33
27;42;57;53
71;67;63;47
77;54;75;92
1;2;2;1
36;34;39;25
27;56;76;71
50;6;60;72
10;10;30;46
56;46;59;45
78;10;13;42
31;22;5;50
8;19;16;9
91;39;23;49
39;66;41;38
78;27;20;41
46;77;13;31
84;38;58;80
97;68;18;83
43;71;69;27
11;42;70;88
55;59;41;33
63;98;53;80
12;34;12;18
59;62;57;64
56;40;39;23
9;64;9;53
66;49;75;76
30;7;74;54
10;26;24;10
21;24;32;29
57;46;68;68
77;51;84;41
9;28;21;28
24;59;61;18
72;32;54;38
40;72;51;35
70;25;28;66
17;10;6;15
59;39;47;75
71;91;58;69
56;40;55;30
48;66;50;11
60;68;62;70
54;21;22;43
76;80;54;18
66;40;62;66
18;72;56;61
23;11;6;4
33;64;30;10
13;36;9;39
5;16;39;33
18;46;63;61
57;73;57;71
36;58;53;39
59;63;94;70
46;45;54;90
32;62;55;52
43;54;41;62
73;84;43;55
12;37;16;27
45;43;54;54
33;48;40;12
54;64;45;69
23;20;24;25
57;54;45;68
43;11;18;31
39;68;46;71
49;46;45;36
71;35;24;33
17;71;22;69
44;54;34;68
8;71;76;17
18;54;51;32
27;49;10;50
41;45;2;36
18;26;18;11
36;77;50;31
25;67;94;51
49;17;39;18
15;40;23;47
51;46;41;50
28;43;29;23
58;83;71;38
46;38;64;84
75;74;56;31
93;49;27;91
26;27;10;12
59;78;63;66
21;54;66;48
82;40;78;87
53;52;27;73
42;79;86;60
60;78;73;86
24;42;12;55
25;39;16;26
45;88;37;86
26;30;12;39
69;33;31;77
22;13;64;16
50;18;36;60
73;19;18;16
29;83;4;84
53;71;48;22
36;31;67;61
92;87;76;50
23;4;29;14
31;37;25;35
17;18;39;44
47;25;47;66
14;11;43;32
99;27;16;17
70;62;68;49
31;21;49;49
53;50;77;65
44;74;19;30
18;34;11;68
33;27;68;49
55;50;15;49
67;42;59;69
37;38;37;36
49;59;61;59
70;38;37;50
18;13;24;15
60;67;36;73
53;34;58;28
28;42;32;8
30;13;5;71
91;41;40;71
42;53;33;41
40;50;77;46
12;46;57;28
42;31;14;23
23;24;23;37
55;49;19;57
63;22;17;22
87;32;62;44
44;48;60;43
12;33;22;37
68;71;21;74
30;17;54;16
79;63;68;76
44;37;60;53
47;41;29;64
46;63;45;60
84;93;81;68
65;66;78;32
75;65;23;81
60;21;75;59
51;59;50;64
36;31;34;37
34;14;9;47
42;42;52;23
17;62;50;59
87;56;100;55
64;82;69;76
52;56;13;82
37;28;54;24
34;34;7;34
66;59;55;31
83;52;55;88
5;61;48;52
59;39;55;61
70;67;35;88
62;38;42;32
17;17;26;34
28;35;17;10
26;48;64;83
24;34;60;44
68;65;96;99
69;43;72;73
42;28;25;23
7;39;52;8
83;94;96;82
45;76;84;83
16;57;38;30
75;76;73;59
40;43;10;26
49;42;53;72
92;35;54;35
35;8;11;73
18;60;18;50
92;77;78;42
14;73;36;63
26;40;58;85
20;20;31;25
52;36;47;37
68;10;61;46
63;38;51;67
59;68;27;74
76;40;37;70
28;10;6;22
25;14;14;34
62;78;44;87
63;34;60;61
90;91;57;82
32;52;35;31
56;55;52;57
21;35;43;55
57;54;42;27
24;57;17;66
20;85;71;78
52;62;64;52
38;29;46;35
65;21;78;13
42;96;90;41
30;41;54;52
26;47;43;20
69;31;68;73
26;17;27;39
67;93;25;31
11;31;25;54
43;64;37;39
26;34;10;19
60;66;16;26
27;36;13;32
80;25;14;35
24;51;53;55
40;87;71;26
67;76;49;55
51;47;35;54
11;22;51;75
29;53;41;41
43;26;45;35
4;42;23;13
82;83;80;11
48;51;31;52
12;13;67;40
29;33;54;56
59;41;56;74
76;80;32;27
54;22;49;23
59;69;8;30
54;64;26;27
80;82;40;39
36;50;60;72
4;65;77;74
34;10;50;10
90;38;49;71
35;27;19;9
71;68;43;67
60;58;74;26
8;46;29;21
32;25;30;28
50;29;25;34
45;50;50;56
85;85;34;73
43;39;37;53
33;58;55;75
25;10;35;6
10;67;9;34
58;71;87;86
58;22;50;56
38;52;37;51
36;30;24;40
82;45;33;37
18;15;19;21
76;53;14;51
58;60;69;67
49;8;54;40
55;43;35;43
40;39;50;28
85;57;48;90
21;19;55;33
73;59;95;41
45;3;26;15
71;79;57;61
51;32;45;28
24;31;19;20
85;46;37;62
31;17;42;34
78;69;98;27
35;46;29;53
76;68;43;35
38;17;15;51
84;41;69;58
72;55;18;35
57;84;66;44
14;14;39;81
29;36;56;33
33;56;30;35
27;11;19;10
10;36;32;36
26;24;30;50
27;74;29;88
32;88;81;32
55;31;49;51
48;30;58;36
51;46;97;38
43;41;14;15
35;57;53;51
64;45;88;87
29;30;7;30
76;59;58;50
80;68;82;44
32;79;91;20
74;17;61;13
29;17;28;21
18;74;28;57
3;83;17;38
14;44;63;42
53;56;49;53
17;35;26;30
13;19;71;77
47;43;28;30
73;60;39;33
4;37;37;12
79;90;84;56
42;32;57;62
65;58;18;72
91;70;23;89
58;35;29;35
36;63;42;41
24;26;43;31
20;8;11;40
39;33;91;43
31;26;72;32
50;36;59;55
72;68;59;58
61;52;30;59
58;18;37;44
27;52;29;53
78;89;62;67
38;28;67;60
56;51;42;45
6;6;5;4
19;20;50;30
57;45;35;29
44;36;55;13
88;43;53;95
16;34;55;19
71;46;57;35
51;46;39;45
21;26;26;41
5;5;16;30
58;49;55;87
88;81;76;72
56;24;27;44
57;39;52;68
25;57;22;85
34;56;7;37
88;49;52;34
81;60;64;59
51;33;56;35
50;15;20;26
46;86;55;83
74;88;43;32
74;32;72;27
79;50;39;21
18;14;20;13
74;64;32;1
51;34;81;62
60;71;15;79
17;41;42;13
25;45;31;10
18;28;40;47
43;83;28;63
30;28;47;31
20;15;8;32
69;47;42;63
51;78;50;81
12;27;40;44
29;35;29;34
20;11;35;50
5;15;38;68
17;40;31;57
14;36;34;61
22;22;24;55
44;43;32;54
69;59;75;53
77;80;81;57
63;15;41;95
45;48;63;53
8;30;14;8
78;20;27;25
54;83;46;79
55;65;67;37
51;37;58;56
70;7;24;43
34;56;56;50
48;57;47;23
72;57;72;66
37;43;30;63
38;42;20;45
75;39;57;44
56;76;60;53
48;40;28;27
73;65;92;93
23;65;76;20
38;50;56;20
34;48;44;73
39;9;63;64
33;83;42;50
31;24;42;8
78;40;37;76
53;22;6;37
68;40;67;24
7;30;9;20
83;48;30;25
67;38;39;51
54;76;26;23
52;11;45;55
14;39;13;51
38;29;46;54
86;38;64;16
15;51;65;68
76;81;51;57
48;49;29;41
74;63;65;60
85;36;60;82
7;31;7;7
16;15;54;46
71;80;68;46
51;40;55;76
51;4;19;69
94;85;92;20
54;36;36;68
28;30;43;32
46;54;22;29
67;74;38;34
32;30;89;59
74;74;83;48
83;80;49;86
39;25;38;28
26;21;35;38
78;62;37;77
18;47;29;62
40;60;73;68
52;68;65;60
31;27;28;26
70;74;81;89
35;15;5;10
33;48;51;54
71;83;89;75
25;29;37;36
50;72;25;38
88;57;31;10
3;18;16;20
45;14;35;16
59;53;70;12
14;29;32;17
73;62;84;68
27;25;11;26
64;47;69;36
50;19;64;38
29;88;76;73
58;19;40;39
55;15;27;48
51;58;87;11
32;33;42;41
11;12;14;20
64;57;32;26
48;25;33;62
47;40;32;37
77;82;66;84
29;13;13;19
65;50;72;22
54;47;9;75
45;46;37;10
27;34;36;44
63;21;33;31
49;44;49;89
9;25;51;28
39;45;18;9
76;57;8;87
32;40;17;72
22;51;45;50
77;58;43;73
57;44;2;10
85;87;83;85
43;84;25;62
31;30;76;71
49;40;58;43
52;32;58;58
80;91;37;33
45;9;38;20
49;42;58;70
59;72;99;66
77;79;20;4
50;52;27;60
51;77;23;48
27;41;14;26
38;33;15;6
38;67;49;60
9;49;32;43
38;14;81;41
42;34;27;25
85;81;65;63
80;67;91;51
71;72;71;42
49;41;50;43
59;68;73;40
54;41;6;74
37;25;33;23
44;57;30;25
37;37;28;31
57;37;56;17
58;60;30;69
35;65;37;71
37;44;26;48
80;47;53;79
66;60;48;52
60;33;24;25
35;27;52;36
22;47;51;44
47;62;51;68
75;72;21;69
36;50;29;18
8;13;30;18
78;25;24;79
41;29;53;55
60;43;28;63
26;31;25;22
87;41;79;72
78;25;35;43
50;41;36;42
4;8;13;4
26;48;82;66
62;39;37;72
53;38;38;70
43;43;41;55
16;71;63;48
60;69;93;34
76;72;49;43
18;44;12;57
31;47;88;69
37;51;41;66
61;21;61;24
70;36;33;44
36;36;33;79
24;19;17;19
33;29;46;43
15;27;26;40
36;35;38;42
10;13;9;22
54;30;49;29
13;55;26;13
50;18;73;43
18;32;26;57
21;32;56;61
92;39;91;76
65;44;42;49
67;53;54;54
74;78;66;52
42;60;24;39
69;48;77;45
66;42;70;76
40;29;23;26
42;75;75;72
26;21;69;59
49;82;71;35
64;65;66;65
34;54;39;23
16;54;22;19
47;50;10;34
90;77;43;80
34;50;45;37
26;36;6;33
38;47;38;60
46;43;46;44
68;75;45;51
80;74;98;83
38;23;11;76
86;66;83;43
52;80;52;58
13;58;12;30
16;62;32;58
37;74;64;58
34;47;66;33
42;55;55;42
75;51;56;95
52;55;27;59
19;59;66;33
18;46;63;55
31;57;19;20
40;53;60;35
52;10;16;31
66;62;70;80
73;70;50;26
5;21;1;6
77;56;53;90
57;88;62;57
8;27;12;20
59;54;89;52
55;73;53;56
53;19;26;28
55;84;68;31
79;60;81;77
60;51;46;24
79;36;66;19
63;38;37;30
74;50;31;35
13;11;6;54
37;32;37;37
73;50;82;75
45;42;85;49
43;41;32;49
61;14;27;44
17;47;48;5
21;75;19;62
33;9;23;17
35;28;10;31
73;78;81;70
62;52;74;32
60;55;49;51
33;24;26;27
18;21;20;17
69;47;9;27
20;29;31;11
45;60;49;62
45;36;34;51
7;74;12;17
70;77;59;80
52;52;42;39
37;13;27;8
61;30;50;34
28;26;21;19
25;75;44;96
18;81;34;77
56;37;56;45
91;77;83;65
21;31;58;35
33;85;50;22
51;59;60;59
71;56;52;46
32;59;11;82
50;30;65;80
97;69;80;47
56;52;32;20
73;22;62;13
54;44;77;72
63;14;7;73
65;39;33;61
63;66;40;83
33;25;49;64
61;64;30;44
21;14;20;42
48;79;87;55
36;27;90;91
55;40;68;5
13;14;22;27
53;61;39;39
63;77;72;39
74;69;75;30
82;73;41;44
43;47;63;60
34;35;24;35
27;19;35;31
18;31;27;41
26;20;41;30
85;79;76;43
23;45;43;32
24;41;46;75
64;39;41;51
60;48;46;58
62;8;29;47
32;29;35;50
58;29;57;41
24;37;87;45
41;39;51;70
65;16;11;23
19;22;48;53
57;47;60;53
63;85;64;94
51;89;45;87
79;87;66;86
64;66;31;89
36;85;25;36
23;22;48;58
10;38;84;67
19;17;61;66
68;67;13;68
36;75;39;80
76;84;64;66
46;39;32;38
86;66;91;25
24;53;28;46
20;25;11;30
79;28;33;51
59;27;39;28
27;28;31;25
44;38;32;24
28;45;50;48
46;74;89;57
14;26;40;38
34;84;91;59
46;37;45;31
77;38;37;41
47;68;32;4
87;89;81;10
77;32;53;36
43;75;71;9
15;35;41;19
37;53;31;58
32;44;66;61
55;57;54;34
60;43;51;52
20;42;43;52
38;55;69;40
25;48;29;27
64;87;32;81
56;43;90;11
17;38;50;31
46;56;22;29
75;74;81;18
20;18;50;15
4;8;45;32
22;7;9;10
91;88;63;75
58;75;39;62
91;22;49;51
43;40;43;46
23;47;11;15
32;19;43;21
22;27;80;68
72;66;27;55
41;55;48;34
21;71;78;74
19;37;15;26
76;67;55;69
47;57;18;63
93;35;12;15
27;80;28;28
43;57;32;37
62;55;54;19
4;23;18;3
74;42;8;67
56;71;57;86
52;79;60;44
18;22;18;7
56;54;84;30
72;50;40;55
35;42;19;20
68;24;25;79
91;85;56;42
21;30;51;41
66;35;60;59
94;68;49;72
35;45;35;42
58;51;51;60
56;8;74;57
65;50;52;83
47;47;79;71
27;33;43;19
28;29;73;50
76;58;79;86
39;6;59;4
59;50;46;61
67;62;36;13
30;75;52;83
92;66;57;25
3;51;13;12
2;43;2;19
9;28;34;25
63;65;70;71
69;87;56;65
35;32;36;11
45;32;36;99
11;25;30;14
74;13;29;82
60;30;64;48
50;86;73;60
24;11;27;36
69;75;42;35
5;24;76;67
74;67;69;64
36;41;44;19
88;65;82;84
45;52;76;87
46;58;29;58
35;64;35;45
25;22;21;20
80;82;91;52
54;66;50;86
86;52;68;58
37;34;26;35
25;24;13;34
70;55;71;66
53;47;1;85
48;49;35;43
34;59;94;60
76;37;21;88
78;74;46;66
73;58;83;58
63;19;98;23
86;90;39;40
55;46;37;39
42;16;78;63
57;22;15;49
23;44;50;27
51;60;65;82
43;32;46;85
63;15;56;41
23;10;22;13
32;70;59;23
63;57;75;64
51;17;33;44
42;70;54;79
31;30;48;19
16;22;22;23
95;98;79;90
16;30;19;40
30;29;33;30
37;15;70;95
22;26;28;33
46;10;28;53
70;63;73;47
32;29;29;38
77;77;62;76
59;65;52;47
54;51;57;49
19;7;74;37
58;63;45;90
40;57;62;77
30;37;48;35
22;32;63;53
46;15;38;35
41;84;93;78
45;77;94;48
92;73;53;42
53;80;47;73
40;38;26;30
16;95;24;72
44;30;32;27
27;35;34;48
59;32;45;59
43;33;10;43
35;36;17;40
68;47;58;78
15;37;58;57
67;40;64;51
12;38;11;38
42;57;30;51
60;41;59;68
32;53;48;85
74;31;20;55
23;53;8;36
39;57;48;56
22;31;68;18
39;19;44;18
25;49;47;20
34;43;49;38
30;28;76;30
76;42;25;74
51;45;32;11
45;32;59;33
49;39;73;44
29;68;64;31
22;71;64;14
61;28;29;50
49;44;37;8
55;78;65;75
87;56;50;16
47;35;17;31
14;5;7;16
53;10;54;43
82;29;91;41
35;54;42;35
69;73;87;41
58;88;39;39
52;50;89;81
65;33;32;48
20;19;21;31
7;47;39;21
76;42;83;47
78;59;16;35
21;60;24;30
62;63;68;53
43;27;83;61
48;59;60;80
61;61;76;45
47;33;6;42
25;40;12;5
15;29;75;52
16;43;10;18
18;24;35;25
65;56;92;60
21;41;16;46
55;35;11;34
22;18;18;21
70;92;89;33
45;71;33;89
80;52;13;57
70;57;83;29
16;69;54;60
42;59;9;68
77;56;66;63
71;95;41;54
42;73;52;61
48;54;67;44
96;59;94;88
37;71;59;42
69;85;55;29
6;62;26;74
33;30;25;32
42;39;55;49
87;92;66;27
57;65;60;72
78;16;26;21
44;69;53;68
18;62;62;67
76;56;60;71
50;44;69;17
20;27;26;25
58;84;94;69
67;82;21;26
77;46;49;80
52;46;90;86
47;70;39;54
71;13;64;94
57;70;52;51
72;89;75;89
78;57;87;63
47;36;11;87
59;12;16;24
70;14;55;18
58;15;28;36
44;70;43;72
41;33;38;13
15;32;37;35
24;76;69;83
27;27;34;16
61;54;29;41
46;40;36;45
49;40;68;52
78;91;37;51
68;33;41;82
66;57;69;62
55;26;57;24
62;81;38;40
62;92;78;60
18;34;32;34
21;20;23;8
71;39;54;50
17;22;31;18
63;68;49;54
23;44;27;38
42;21;28;29
29;81;87;60
61;50;67;62
5;85;73;64
46;52;68;39
44;58;8;17
56;27;60;41
47;54;85;61
83;27;70;67
18;38;53;41
27;15;15;21
47;61;9;11
70;82;78;67
62;40;49;90
51;58;38;79
96;98;70;32
27;43;46;29
36;45;39;33
38;42;44;34
46;47;21;47
17;13;9;12
54;45;37;55
26;44;45;39
38;70;58;41
55;80;20;83
11;33;40;42
18;15;18;53
17;79;43;21
11;54;28;29
52;65;41;73
69;17;46;69
30;29;15;22
76;48;79;87
21;12;11;47
19;25;25;66
69;71;66;79
42;10;65;5
22;39;31;8
52;22;6;10
55;64;64;34
39;28;43;30
49;5;44;68
82;69;58;75
51;76;56;75
73;69;56;91
57;69;42;46
20;37;49;24
75;93;87;86
74;1;77;96
18;25;21;27
67;56;62;68
57;37;30;35
43;65;83;85
44;31;57;81
32;46;26;49
67;69;43;34
90;69;58;43
94;76;34;46
19;36;17;14
30;48;72;76
57;48;47;70
50;55;38;40
13;85;78;52
19;39;14;13
17;16;26;19
32;25;39;42
31;29;13;25
62;50;50;25
60;63;13;59
74;22;50;11
20;21;27;80
37;50;23;43
52;50;54;44
30;59;44;29
38;30;31;38
17;72;57;78
58;9;25;19
81;56;70;54
36;44;66;65
22;12;1;3
21;12;23;10
23;19;76;13
64;11;50;82
53;68;48;94
74;34;65;70
22;58;65;58
66;61;62;31
40;15;18;34
70;78;74;93
28;40;52;48
49;56;88;44
25;15;19;27
23;45;50;4
41;26;39;29
56;77;71;40
71;58;42;59
66;24;18;51
25;12;17;17
32;27;24;72
25;48;51;36
44;41;20;46
55;13;75;79
52;30;41;65
63;40;99;36
63;64;40;52
60;78;31;44
80;48;78;76
41;39;24;14
91;30;71;39
26;34;31;45
40;69;45;67
83;40;52;72
47;74;29;20
32;39;41;33
24;30;61;19
28;23;5;71
32;37;63;64
64;69;56;57
37;68;66;45
22;40;34;32
16;22;30;23
37;48;28;33
71;49;60;66
53;31;17;19
20;22;70;78
40;60;42;85
9;30;32;37
43;34;41;22
53;88;83;86
29;23;84;93
48;37;65;48
41;64;77;25
25;19;35;53
36;15;50;49
47;72;67;59
65;65;29;48
93;33;24;26
29;90;40;38
32;39;37;51
28;38;19;37
46;13;57;15
44;38;38;69
7;6;45;53
30;18;17;20
41;78;39;65
48;28;50;21
40;51;72;37
42;35;55;12
29;44;71;76
19;22;79;62
46;83;63;52
30;46;19;79
12;25;10;29
62;44;61;39
69;51;8;25
63;79;21;37
37;74;84;42
41;55;32;49
39;81;50;53
67;62;83;93
9;86;33;54
51;58;50;68
37;46;23;11
42;74;74;42
45;5;4;64
66;41;67;18
50;99;39;94
58;45;68;85
70;68;42;62
94;78;97;100
12;56;36;40
43;40;54;27
52;75;54;28
47;83;74;56
30;29;33;15
84;78;17;84
49;56;88;45
60;71;51;48
34;31;27;39
53;29;30;74
78;23;4;17
37;37;47;27
35;46;20;57
31;52;78;83
35;54;33;32
27;40;80;32
43;17;53;49
51;48;21;22
71;12;30;79
22;39;65;66
44;12;86;63
39;75;21;30
85;57;75;65
40;59;60;37
36;77;61;28
6;32;93;45
30;36;92;29
19;70;91;31
34;44;81;36
36;70;49;67
64;45;34;68
70;73;84;69
51;56;51;44
60;79;100;84
76;84;67;83
46;66;47;46
5;23;37;18
57;67;57;83
33;76;84;29
17;28;11;51
65;34;72;36
59;19;83;78
46;47;42;32
10;36;10;13
60;65;57;45
20;35;26;29
78;84;55;58
81;62;80;90
73;73;53;39
42;37;76;40
63;55;38;20
65;31;65;57
82;42;71;65
47;8;32;56
44;41;49;52
37;12;7;5
70;60;26;21
65;80;86;78
69;36;72;46
30;17;35;50
15;25;48;78
51;86;58;74
46;26;11;14
83;25;23;48
29;35;35;29
22;53;45;34
27;55;77;61
52;17;67;67
34;73;51;28
29;51;30;43
39;28;36;62
72;95;83;20
44;76;84;71
52;56;46;55
55;82;66;52
28;22;41;34
51;50;46;58
13;34;22;43
51;52;62;61
49;63;20;67
37;29;45;19
12;40;27;63
64;34;31;53
27;36;35;36
45;42;48;37
75;83;44;70
55;31;76;39
19;36;43;7
4;43;39;24
31;21;48;8
32;48;84;84
30;3;23;13
37;77;61;91
60;49;34;74
46;49;51;51
10;35;36;26
24;86;52;64
30;19;21;21
33;18;53;36
33;35;48;37
61;44;67;71
83;51;18;56
20;9;9;51
64;49;93;35
50;59;61;29
79;22;66;7
61;30;24;27
19;91;75;24
32;42;44;48
36;39;59;39
46;32;28;35
85;55;57;13
58;62;76;39
54;46;52;51
32;29;64;85
56;53;25;68
17;38;39;24
30;21;27;31
45;63;71;56
31;33;88;64
54;84;52;80
84;80;64;30
2;78;73;77
27;48;25;55
64;31;87;64
31;80;57;64
29;42;75;9
6;7;23;21
38;16;36;35
54;47;19;29
82;52;15;67
46;60;38;41
16;12;47;4
95;33;56;38
38;40;39;47
48;23;62;37
28;61;9;38
33;56;16;82
54;33;18;12
43;86;48;18
40;32;44;60
55;56;90;9
35;31;38;35
12;16;32;19
12;82;15;91
48;42;55;53
85;62;42;61
71;78;60;27
59;69;61;54
48;38;21;18
22;34;33;28
26;29;15;13
20;12;23;21
73;80;94;88
71;28;99;37
26;85;54;79
65;25;30;83
53;18;23;32
47;51;48;64
46;49;28;70
51;48;80;74
50;48;20;42
25;26;25;48
48;76;59;82
29;46;50;48
40;56;56;43
28;52;44;45
28;19;28;26
85;23;8;16
41;63;68;32
23;36;6;23
72;68;81;77
31;37;3;69
50;37;61;73
75;12;48;77
42;25;39;22
31;26;34;76
11;50;66;10
57;53;75;65
44;80;54;49
41;58;13;7
22;18;51;47
34;48;36;33
41;49;38;71
41;46;32;31
44;27;56;50
46;42;55;56
36;48;44;37
85;44;43;36
19;17;23;21
48;50;32;67
37;35;38;53
68;80;25;25
33;41;8;20
6;6;35;20
80;54;73;41
27;30;31;34
83;76;92;46
28;53;37;45
72;81;44;44
38;21;37;45
66;61;23;74
32;66;62;54
63;30;70;30
34;51;85;70
71;79;35;19
46;46;11;26
18;43;63;31
22;29;21;6
61;45;21;10
61;81;55;48
94;38;38;29
52;78;21;26
71;68;25;19
36;13;44;18
54;68;36;25
73;46;44;62
20;33;22;56
78;44;84;57
54;31;50;21
18;77;64;40
45;58;39;45
52;47;31;53
20;18;12;22
48;67;50;41
24;33;71;44
28;44;33;33
61;95;56;42
35;24;35;46
80;37;68;79
54;37;70;54
18;61;16;23
63;74;69;73
83;49;82;54
65;24;50;3
75;61;55;63
50;50;16;65
68;27;65;57
60;54;60;52
19;22;13;12
15;64;52;41
56;70;54;62
17;69;39;55
37;73;40;62
28;52;58;10
21;36;56;87
28;54;89;52
38;42;38;64
65;57;69;87
54;75;77;81
41;47;66;43
34;22;33;46
36;34;43;25
65;47;57;64
29;39;76;18
74;50;50;34
63;87;70;63
83;46;24;22
42;29;47;43
41;42;25;41
33;2;67;9
79;38;47;37
98;92;64;19
57;47;36;50
75;50;47;26
22;29;25;26
62;37;32;53
56;22;55;33
34;44;33;66
42;49;43;47
27;13;81;96
41;8;6;32
52;52;27;39
86;33;27;24
15;17;35;18
73;60;56;60
52;71;66;75
4;15;29;43
30;41;21;10
17;6;39;89
62;69;18;56
26;21;15;21
37;37;26;36
70;46;52;52
15;22;42;57
34;63;33;42
56;34;40;56
24;37;35;25
88;45;77;44
70;40;17;87
87;61;51;24
25;62;51;50
34;21;26;40
69;49;36;30
44;36;46;49
10;73;13;26
73;49;58;84
53;67;93;91
72;27;73;31
62;41;87;37
30;39;19;21
7;40;24;59
59;45;53;49
12;76;71;68
39;59;26;48
65;74;73;43
65;13;68;24
53;21;34;22
46;83;37;60
41;59;26;7
53;40;36;42
28;44;48;30
56;43;36;67
74;66;63;62
65;65;90;54
26;19;16;15
25;35;37;35
12;14;13;18
50;26;41;46
24;83;17;88
55;80;58;48
83;32;47;79
34;41;52;50
44;46;29;35
71;73;51;78
29;76;61;41
26;57;71;63
13;51;73;5
60;67;50;27
59;46;29;42
39;48;51;65
79;62;81;46
33;37;12;29
23;29;83;41
32;41;22;29
55;36;61;51
84;68;98;16
70;48;23;77
72;20;9;38
63;21;55;65
31;37;35;44
33;74;52;47
83;90;86;51
52;57;71;65
29;22;56;12
27;24;38;5
42;33;60;56
8;26;34;41
60;90;69;90
35;9;67;21
39;24;42;29
34;61;70;68
70;42;51;41
28;59;69;11
70;86;68;29
45;51;72;44
16;34;65;59
52;53;68;54
9;35;34;81
12;37;13;4
53;41;32;23
70;38;41;38
44;34;53;49
93;67;82;79
62;54;21;39
7;26;33;37
61;57;65;53
42;86;92;57
64;63;85;53
50;52;68;57
40;35;47;16
76;31;86;29
22;53;16;41
72;32;51;66
76;69;56;65
17;43;19;51
72;65;62;71
64;76;34;24
74;81;84;53
4;17;55;10
42;70;43;47
16;35;19;26
43;65;23;31
69;9;68;33
57;45;52;66
32;65;63;25
40;66;36;43
29;40;48;90
17;46;41;48
30;27;57;50
16;62;21;40
33;26;31;15
32;64;30;18
41;62;65;46
61;54;82;59
26;45;53;87
16;60;22;78
60;80;44;49
13;25;21;17
76;22;52;17
71;21;12;41
3;63;30;16
99;52;21;23
62;53;64;67
89;57;83;66
56;50;29;54
27;31;31;21
77;76;39;60
66;76;9;82
83;51;71;98
50;71;51;76
72;41;55;72
13;45;20;23
81;22;45;79
32;59;13;76
28;49;62;17
47;61;50;58
80;25;25;78
70;54;83;41
33;74;73;43
5;32;60;28
22;48;43;51
66;49;40;46
61;57;60;33
47;75;63;47
33;44;43;25
18;16;53;13
29;36;40;33
46;31;24;50
23;46;58;47
73;11;19;25
11;3;93;27
46;59;59;46
79;94;67;87
17;40;51;48
50;53;48;51
32;83;92;42
34;50;14;24
17;13;38;40
59;63;9;80
14;25;13;23
18;24;13;13
48;90;51;38
72;38;66;69
49;94;93;57
22;47;38;11
15;5;14;35
72;40;41;15
45;77;28;79
89;81;42;81
43;41;9;21
87;68;27;69
35;34;49;30
27;40;61;47
17;12;14;20
23;35;28;35
31;44;94;52
85;50;62;57
70;51;81;43
48;22;92;37
80;54;22;47
65;59;47;89
53;47;52;52
34;38;37;35
64;86;50;42
22;36;43;39
46;58;63;50
64;17;83;81
8;9;15;14
70;32;23;59
53;39;84;28
62;45;72;86
8;20;14;3
9;10;55;12
63;39;93;71
27;67;30;33
12;51;56;43
69;41;87;68
72;53;89;98
41;16;18;22
52;61;44;69
31;44;83;26
68;12;31;14
38;44;28;25
37;50;40;43
54;15;36;68
30;33;47;16
20;45;53;27
58;85;33;51
51;50;54;68
27;26;7;23
55;24;18;71
24;34;43;23
53;52;61;59
59;92;95;86
53;46;31;68
78;12;30;59
28;87;30;73
62;70;11;72
42;74;55;59
7;40;32;21
77;68;63;68
49;25;52;20
43;72;2;69
59;49;81;44
53;24;77;41
36;59;52;28
90;95;63;95
26;31;68;39
41;50;71;66
56;72;58;30
65;70;59;40
56;13;6;33
23;23;44;41
78;43;83;21
62;21;35;25
99;34;31;90
40;32;30;20
64;38;16;39
60;47;56;82
47;49;35;36
28;38;58;75
68;82;72;98
25;67;13;10
54;56;30;69
49;70;72;48
30;5;45;6
20;69;41;47
70;68;62;15
55;63;45;42
65;37;29;67
42;38;81;36
51;51;49;50
25;31;16;21
71;67;34;54
62;73;39;97
55;31;50;29
75;50;62;26
70;67;32;41
56;51;43;28
21;57;41;76
37;93;71;61
32;26;66;23
90;35;35;62
25;25;16;12
52;57;37;45
60;60;56;38
60;44;70;16
23;34;17;76
46;53;61;42
51;63;87;28
38;54;36;44
45;37;13;41
65;87;72;29
71;88;73;55
60;68;86;73
17;23;33;33
63;57;53;51
45;38;53;28
39;52;41;51
41;46;35;50
21;13;11;27
41;12;22;13
26;24;58;25
84;75;100;48
66;62;45;48
33;60;51;60
53;16;38;53
15;11;8;22
87;71;46;83
24;50;68;67
21;67;62;66
69;40;62;46
70;77;72;38
15;41;50;71
29;28;10;30
40;27;38;45
69;50;60;67
40;60;34;53
58;50;73;94
25;5;21;9
52;45;47;39
37;11;24;27
87;55;48;26
9;35;21;54
66;70;57;43
37;25;59;45
56;42;60;56
34;48;34;24
43;36;6;5
59;50;73;70
60;57;52;35
26;13;30;54
26;33;67;50
51;42;31;48
64;93;64;40
52;76;79;51
60;51;64;63
25;45;33;60
52;62;58;29
85;53;52;91
22;53;69;46
33;39;21;35
30;28;35;36
78;41;32;38
32;30;73;31
27;27;49;36
12;39;39;41
24;47;53;55
82;45;25;67
62;37;47;50
61;47;47;44
17;27;11;34
60;67;28;31
48;28;17;29
46;23;92;33
48;83;67;38
37;53;43;24
59;64;32;11
8;41;4;52
61;50;46;51
69;73;62;71
31;68;16;30
38;33;45;33
22;56;44;13
29;33;31;27
66;79;51;56
45;54;34;88
65;45;28;50
37;33;47;42
64;24;24;5
70;60;44;31
11;23;50;41
68;75;60;29
45;28;6;13
66;69;34;85
37;37;18;20
67;57;22;73
29;48;62;46
18;33;15;7
18;42;76;23
22;67;34;59
62;68;61;63
88;50;27;37
65;62;36;75
31;43;50;70
66;60;60;74
75;60;59;75
10;61;6;41
78;42;65;65
89;60;35;63
31;29;23;26
30;34;74;73
25;75;44;10
46;89;32;63
9;79;61;20
75;54;72;44
53;9;31;19
35;34;36;51
73;79;92;87
31;37;12;11
71;73;74;48
30;44;5;57
82;54;80;71
31;33;37;68
73;60;7;45
50;66;52;67
52;60;38;47
65;48;69;64
36;45;48;26
4;32;52;50
41;62;29;37
62;43;21;59
14;29;37;27
67;39;64;15
58;68;67;69
40;60;55;46
27;30;27;98
5;14;5;24
9;40;11;40
35;37;41;10
62;25;28;43
43;8;25;11
26;28;7;67
24;22;16;18
30;54;37;33
20;49;48;44
76;65;46;82
31;35;15;43
43;94;93;87
58;44;47;47
28;61;65;54
51;33;15;18
66;8;2;36
77;9;23;16
57;50;28;43
60;13;11;65
26;71;33;58
41;25;47;37
18;25;73;92
47;44;45;47
66;63;55;37
26;68;26;67
54;35;58;55
52;41;54;60
41;83;86;26
37;45;70;78
55;46;31;21
65;29;48;53
31;25;17;21
18;21;24;48
72;42;8;58
37;56;37;72
66;50;35;49
84;92;26;79
41;32;31;15
40;46;49;60
63;63;52;89
46;48;70;62
77;59;36;40
40;29;36;21
60;72;74;38
49;46;86;76
65;58;46;48
49;39;49;47
37;29;61;80
39;10;17;38
31;38;16;36
28;46;38;30
49;37;19;44
68;90;91;42
77;34;31;72
48;79;77;70
31;72;42;48
56;7;21;61
90;81;35;45
49;59;89;95
15;16;11;27
9;41;39;43
23;33;36;82
43;45;29;17
40;19;15;29
25;15;72;31
43;16;46;79
78;64;81;75
57;45;16;39
14;28;30;33
39;73;62;45
73;52;73;58
45;39;22;5
18;42;35;19
73;43;75;63
82;58;74;75
17;25;19;2
25;2;38;46
44;37;25;27
26;20;37;40
92;63;78;63
67;35;14;34
62;39;71;57
85;30;23;41
82;53;29;81
32;33;26;17
45;32;72;82
23;34;41;49
27;28;48;43
44;46;29;28
4;53;36;45
20;30;22;33
32;81;76;39
56;80;55;21
19;44;69;14
52;73;51;45
58;70;83;41
44;44;47;6
69;30;61;28
79;65;57;82
2;2;7;10
68;14;25;16
29;18;14;22
28;72;55;14
67;71;20;53
26;37;32;17
35;40;35;30
61;67;79;20
30;39;45;35
42;33;15;46
38;62;40;18
90;66;37;78
44;83;64;23
14;5;12;24
17;26;21;28
35;34;22;26
52;35;55;69
33;12;33;41
12;3;45;14
60;95;56;57
43;16;41;43
60;96;51;59
71;51;89;72
41;57;36;63
70;47;87;40
66;50;68;56
52;39;12;17
45;47;60;40
43;46;48;48
34;17;49;32
36;53;37;66
17;36;16;22
32;63;22;77
56;52;42;44
33;50;90;93
47;32;46;24
93;90;54;26
26;56;60;67
12;34;45;28
41;13;35;8
54;56;59;48
55;14;9;56
37;20;16;63
29;28;41;24
52;28;50;52
16;31;30;17
53;42;6;13
79;66;38;86
82;87;92;25
43;25;46;21
36;49;55;61
66;10;76;66
11;9;18;17
67;75;78;37
68;14;60;64
30;82;95;23
72;17;73;87
36;57;77;67
73;54;55;66
90;3;37;53
73;37;51;45
87;36;88;45
17;52;46;84
55;43;61;75
17;39;41;24
32;61;16;52
4;16;72;61
61;87;44;93
44;50;37;52
33;58;39;59
36;19;20;18
62;65;27;74
90;82;21;91
75;70;54;15
56;29;47;41
71;33;21;31
80;41;74;85
41;41;18;19
21;24;9;8
71;75;27;38
50;60;21;61
43;62;74;47
8;14;83;17
83;50;61;28
44;65;81;68
90;50;55;79
44;91;95;38
24;17;36;19
57;22;53;53
35;58;64;48
86;81;44;55
17;24;19;17
13;44;56;32
78;28;64;65
46;53;49;45
14;64;80;20
71;33;62;66
90;23;43;63
56;76;76;19
29;87;66;39
52;48;50;55
45;33;75;33
55;65;22;44
74;59;34;70
90;43;30;72
19;49;31;48
38;22;43;11
64;70;84;86
57;65;66;61
99;18;83;79
92;51;20;37
41;47;28;45
59;10;60;17
44;18;41;32
13;9;51;32
58;54;44;66
64;64;49;77
28;38;45;45
21;75;55;12
26;27;38;42
27;45;31;71
24;12;14;24
11;26;58;19
91;77;58;44
86;12;85;16
95;90;48;89
57;89;69;62
45;71;35;65
22;43;43;12
34;19;60;40
30;79;4;17
24;71;12;17
44;54;63;29
25;90;76;96
41;57;63;77
23;12;21;31
15;26;8;43
59;51;73;66
35;33;51;25
90;57;51;63
32;51;18;45
43;32;50;58
75;58;55;43
36;47;55;55
58;5;25;50
40;25;26;25
24;68;75;27
53;48;28;59
49;48;52;92
75;47;83;66
48;46;48;36
38;45;60;50
30;25;17;17
20;35;79;78
19;47;66;71
25;46;43;51
18;12;22;17
24;73;35;23
20;20;35;59
42;26;21;53
40;37;50;43
44;38;44;32
31;31;32;44
33;14;49;44
38;57;20;56
79;40;25;16
45;49;13;10
55;61;17;42
67;35;42;25
15;16;16;38
19;41;68;28
32;29;78;51
20;54;39;43
42;38;28;17
43;28;62;28
36;49;2;17
39;25;7;48
38;20;35;27
36;51;14;70
71;63;54;53
48;63;88;74
32;44;38;67
63;30;51;31
15;63;36;24
56;52;74;42
35;33;57;34
66;41;76;56
97;78;67;80
25;45;17;58
73;74;77;16
6;8;15;72
55;86;55;41
46;76;64;35
47;56;50;37
30;18;11;9
39;24;30;40
67;79;90;48
32;6;28;29
20;14;11;21
58;70;70;98
34;13;8;13
59;39;11;51
55;45;29;44
33;87;66;31
47;81;56;46
16;56;74;17
24;6;23;11
5;28;11;2
63;19;66;15
10;55;14;44
23;26;32;68
63;41;72;89
56;20;48;54
44;86;41;79
19;59;27;16
52;50;16;88
88;52;52;57
30;41;35;62
60;82;83;99
23;37;61;46
23;83;85;82
46;45;44;49
68;72;69;80
53;69;22;10
53;68;35;55
31;53;57;70
95;86;73;58
32;76;19;93
52;23;29;52
52;64;48;49
33;20;24;31
81;44;31;32
70;82;71;67
91;81;42;54
60;55;62;94
63;38;47;68
28;63;9;62
10;13;24;12
32;64;75;15
33;25;34;34
77;49;15;65
30;90;53;46
35;37;65;41
81;79;72;70
58;8;28;27
73;52;49;70
24;53;41;54
57;80;65;80
10;76;67;31
23;45;40;15
9;12;76;9
20;76;73;21
35;42;33;27
73;81;80;72
37;93;34;94
23;43;16;12
63;42;38;43
9;49;7;60
25;17;19;24
35;35;54;20
87;59;96;56
75;54;72;45
68;63;42;25
27;47;52;18
52;32;64;67
44;33;69;46
57;26;44;58
38;53;82;48
55;63;71;69
73;39;36;40
49;23;16;42
51;40;38;46
25;2;18;23
36;81;45;37
28;21;40;43
16;12;22;14
28;69;68;53
3;61;22;16
42;75;80;27
39;41;49;30
45;57;79;80
59;45;67;52
34;36;81;22
66;20;69;46
66;67;55;53
33;26;17;39
85;27;88;25
41;65;27;66
45;34;39;54
39;40;31;46
35;44;55;39
25;8;31;47
45;39;71;41
68;73;67;22
38;70;48;49
67;48;55;76
58;63;90;54
58;24;46;33
49;92;56;88
50;53;56;37
40;31;65;74
38;41;83;83
85;28;32;48
48;43;93;49
36;30;32;56
86;52;24;40
8;39;60;10
77;44;30;48
46;63;55;58
38;8;31;33
52;65;58;90
71;75;37;77
49;72;51;42
45;59;73;42
11;45;11;57
49;61;13;72
10;27;29;23
40;36;41;28
12;32;13;35
77;19;54;20
57;41;37;60
38;32;33;36
33;41;36;54
79;41;75;22
51;43;14;20
31;23;54;29
100;48;45;91
59;38;56;39
56;30;64;100
76;77;17;28
17;21;30;30
48;63;45;41
77;32;60;40
46;58;34;32
43;44;31;51
30;44;46;40
79;69;71;64
72;69;62;59
8;84;67;36
34;40;50;58
81;50;25;54
37;25;85;16
66;54;38;22
67;76;44;60
77;64;35;86
39;30;50;55
54;48;21;37
30;51;68;29
30;27;9;10
42;19;13;10
41;42;14;45
37;83;11;81
56;41;45;46
41;42;37;66
94;74;73;54
47;22;27;27
43;42;33;53
79;71;49;87
33;23;21;63
29;43;81;91
17;43;46;32
36;40;90;38
19;61;48;54
33;17;39;8
22;39;26;25
92;32;85;43
29;14;78;66
8;48;19;42
28;29;51;81
97;75;34;95
74;33;63;16
31;36;20;23
28;44;57;15
87;26;37;59
62;79;43;87
46;39;39;45
79;11;19;57
65;39;33;58
74;39;56;57
25;61;47;24
76;88;74;59
11;38;51;11
59;34;57;22
26;81;46;54
27;43;37;70
42;53;57;41
39;39;21;82
13;43;52;50
53;79;73;56
96;67;67;74
20;40;46;61
8;39;11;44
35;60;13;12
82;80;37;66
86;76;86;54
73;41;43;10
44;41;68;44
13;7;18;25
67;63;53;57
61;55;34;37
59;38;52;47
37;40;53;47
48;72;78;65
74;72;42;85
69;16;33;24
50;85;27;53
38;44;70;74
56;73;44;67
64;80;79;44
25;34;35;38
31;38;25;48
21;72;54;6
56;17;7;42
66;29;74;2
18;40;37;21
57;84;94;19
20;90;27;43
48;72;50;22
57;50;29;47
90;32;22;71
44;57;40;71
35;48;35;31
56;45;48;43
41;44;47;49
42;79;77;71
30;70;53;26
67;67;53;31
28;26;21;29
89;24;69;18
54;60;63;78
56;72;44;45
63;41;77;23
35;47;23;42
35;11;31;45
26;32;38;28
59;26;44;71
27;59;38;24
41;60;77;92
76;89;71;15
50;93;92;81
28;32;38;45
88;60;74;57
72;80;7;42
87;50;58;56
5;15;65;42
65;41;73;70
57;40;51;78
40;49;53;2
39;67;83;85
52;74;75;65
81;49;85;74
1;11;40;62
31;27;25;14
42;28;37;39
66;77;39;73
65;61;90;62
21;23;39;36
29;47;43;30
81;69;45;23
45;71;19;60
30;15;31;45
59;91;24;28
31;7;45;22
67;40;68;17
28;30;30;31
33;45;27;78
59;67;55;41
64;54;81;11
21;38;58;40
36;44;81;68
43;76;11;85
44;16;39;59
71;52;40;29
60;50;61;52
45;64;28;50
15;2;43;39
56;10;27;16
13;7;59;20
65;71;48;85
45;45;22;42
48;60;72;46
49;60;79;68
27;47;62;41
92;64;24;46
25;50;48;17
74;48;68;54
16;21;43;31
18;4;14;10
27;68;21;65
85;86;10;55
41;32;60;73
87;88;74;73
42;90;75;65
78;89;79;64
19;70;58;29
26;19;25;59
81;60;23;10
7;25;17;40
29;28;26;28
27;62;36;20
35;28;39;43
48;11;47;42
67;78;57;36
44;21;11;61
54;67;25;77
32;14;25;32
57;17;55;7
60;17;15;24
55;16;49;34
55;60;17;23
79;62;19;7
39;48;16;41
31;47;55;46
52;28;73;66
61;40;45;50
21;62;68;73
68;81;42;32
47;30;23;38
83;74;93;63
71;38;79;53
57;80;78;68
4;12;44;31
34;55;61;38
16;34;28;30
14;14;73;49
60;63;53;29
74;10;45;67
64;22;68;88
33;67;86;4
80;49;51;47
60;53;47;24
43;18;16;26
55;40;75;37
39;14;19;53
24;37;38;52
36;59;10;75
40;72;75;75
47;68;53;53
57;38;52;86
77;54;40;46
23;18;40;13
41;11;72;10
89;6;91;92
82;85;33;59
29;49;51;45
25;47;43;27
17;63;22;19
57;94;15;64
47;37;54;53
63;47;49;83
76;50;28;99
16;46;34;29
92;69;18;74
79;75;4;30
23;30;30;41
60;64;33;67
50;43;38;82
34;79;47;38
47;19;69;33
85;54;35;83
42;35;51;33
58;70;49;43
63;57;73;44
29;66;60;47
71;84;3;95
15;21;79;20
68;7;68;6
39;20;5;64
30;36;31;28
57;50;40;82
50;46;85;64
67;58;18;38
69;64;64;46
20;65;62;48
45;21;7;38
85;34;58;41
74;15;42;48
26;36;29;41
76;87;80;28
27;34;15;37
37;16;8;25
75;38;60;53
62;54;58;57
42;12;33;35
6;47;53;35
81;97;25;41
29;36;24;8
27;29;37;34
50;86;87;66
43;36;25;32
91;75;78;55
34;46;57;42
60;33;42;37
50;41;69;83
78;50;58;20
77;49;34;60
44;48;86;20
66;90;52;74
43;28;36;31
66;39;77;31
